[0.000000] (-) TimerEvent: {}
[0.000811] (franka_pybridge_interfaces) JobQueued: {'identifier': 'franka_pybridge_interfaces', 'dependencies': OrderedDict()}
[0.000974] (franka_pybridge_interfaces) JobStarted: {'identifier': 'franka_pybridge_interfaces'}
[0.012136] (franka_pybridge_interfaces) JobProgress: {'identifier': 'franka_pybridge_interfaces', 'progress': 'cmake'}
[0.012837] (franka_pybridge_interfaces) Command: {'cmd': ['/opt/conda/envs/ilab/bin/cmake', '/home/jaydv/code/robopen_research/ros2_ws/src/franka_pybridge_interfaces', '-DCMAKE_INSTALL_PREFIX=/home/jaydv/code/robopen_research/ros2_ws/install/franka_pybridge_interfaces'], 'cwd': '/home/jaydv/code/robopen_research/ros2_ws/build/franka_pybridge_interfaces', 'env': OrderedDict([('GJS_DEBUG_TOPICS', 'JS ERROR;JS LOG'), ('PYTHON_BASIC_REPL', '1'), ('LESSOPEN', '| /usr/bin/lesspipe %s'), ('CONDA_PROMPT_MODIFIER', '(ilab)'), ('USER', 'jaydv'), ('XDG_SESSION_TYPE', 'x11'), ('GIT_ASKPASS', '/usr/share/code-insiders/resources/app/extensions/git/dist/askpass.sh'), ('DATA', '/mnt/laptop/collected_data/proximity_learning'), ('SHLVL', '1'), ('LD_LIBRARY_PATH', '/opt/ros/humble/opt/rviz_ogre_vendor/lib:/opt/ros/humble/lib/x86_64-linux-gnu:/opt/ros/humble/lib:/home/jaydv/.mujoco/mujoco210/bin:/usr/lib/nvidia'), ('HOME', '/home/jaydv'), ('CHROME_DESKTOP', 'code-insiders.desktop'), ('CONDA_SHLVL', '2'), ('OLDPWD', '/home/jaydv/code/robopen_research'), ('TERM_PROGRAM_VERSION', '1.110.0-insider'), ('DESKTOP_SESSION', 'ubuntu'), ('GIO_LAUNCHED_DESKTOP_FILE', '/usr/share/applications/code-insiders.desktop'), ('ROS_PYTHON_VERSION', '3'), ('GNOME_SHELL_SESSION_MODE', 'ubuntu'), ('GTK_MODULES', 'gail:atk-bridge'), ('GK_GL_PATH', '/tmp/gitkraken/gitlens/gitlens-ipc-server-370473-44997.json'), ('VSCODE_GIT_ASKPASS_MAIN', '/usr/share/code-insiders/resources/app/extensions/git/dist/askpass-main.js'), ('VSCODE_GIT_ASKPASS_NODE', '/usr/share/code-insiders/code-insiders'), ('MANAGERPID', '4143'), ('PYDEVD_DISABLE_FILE_VALIDATION', '1'), ('SYSTEMD_EXEC_PID', '4412'), ('BUNDLED_DEBUGPY_PATH', '/home/jaydv/.vscode-insiders/extensions/ms-python.debugpy-2025.19.2026021801-linux-x64/bundled/libs/debugpy'), ('VSCODE_PYTHON_AUTOACTIVATE_GUARD', '1'), ('DBUS_SESSION_BUS_ADDRESS', 'unix:path=/run/user/1001/bus'), ('COLORTERM', 'truecolor'), ('_CE_M', ''), ('GIO_LAUNCHED_DESKTOP_FILE_PID', '370473'), ('ROS_DISTRO', 'humble'), ('GTK_IM_MODULE', 'ibus'), ('LOGNAME', 'jaydv'), ('JOURNAL_STREAM', '8:25366'), ('_', '/usr/bin/colcon'), ('ROS_VERSION', '2'), ('XDG_SESSION_CLASS', 'user'), ('USERNAME', 'jaydv'), ('TERM', 'xterm-256color'), ('GNOME_DESKTOP_SESSION_ID', 'this-is-deprecated'), ('_CE_CONDA', ''), ('FC_FONTATIONS', '1'), ('ROS_LOCALHOST_ONLY', '0'), ('WINDOWPATH', '2'), ('PATH', '/opt/ros/humble/bin:/home/jaydv/.mujoco/mujoco210/bin:/usr/lib/nvidia:/opt/conda/envs/ilab/bin:/opt/conda/condabin:/home/jaydv/.config/Code - Insiders/User/globalStorage/github.copilot-chat/debugCommand:/home/jaydv/.config/Code - Insiders/User/globalStorage/github.copilot-chat/copilotCli:/home/jaydv/.cargo/bin:/home/jaydv/.local/bin:/usr/local/sbin:/usr/local/bin:/usr/sbin:/usr/bin:/sbin:/bin:/usr/games:/usr/local/games:/snap/bin:/snap/bin:/home/jaydv/.vscode-insiders/extensions/ms-python.debugpy-2025.19.2026021801-linux-x64/bundled/scripts/noConfigScripts'), ('SESSION_MANAGER', 'local/batman:@/tmp/.ICE-unix/4389,unix/batman:/tmp/.ICE-unix/4389'), ('INVOCATION_ID', 'e2d675680a7544b59f69fb36723cfcb3'), ('XDG_MENU_PREFIX', 'gnome-'), ('XDG_RUNTIME_DIR', '/run/user/1001'), ('GDK_BACKEND', 'x11'), ('DISPLAY', ':1'), ('VSCODE_DEBUGPY_ADAPTER_ENDPOINTS', '/home/jaydv/.vscode-insiders/extensions/ms-python.debugpy-2025.19.2026021801-linux-x64/.noConfigDebugAdapterEndpoints/endpoint-7172946645596d2e.txt'), ('LD_PRELOAD', '/usr/lib/x86_64-linux-gnu/libstdc++.so.6'), ('LANG', 'en_US.UTF-8'), ('XDG_CURRENT_DESKTOP', 'ubuntu:GNOME'), ('PYTHONSTARTUP', '/home/jaydv/.config/Code - Insiders/User/workspaceStorage/527a9bc5cc1e816dbde29246993970d9/ms-python.python/pythonrc.py'), ('CONDA_PREFIX_1', '/opt/conda'), ('XMODIFIERS', '@im=ibus'), ('XDG_SESSION_DESKTOP', 'ubuntu'), ('XAUTHORITY', '/run/user/1001/gdm/Xauthority'), ('LS_COLORS', 'rs=0:di=01;34:ln=01;36:mh=00:pi=40;33:so=01;35:do=01;35:bd=40;33;01:cd=40;33;01:or=40;31;01:mi=00:su=37;41:sg=30;43:ca=30;41:tw=30;42:ow=34;42:st=37;44:ex=01;32:*.tar=01;31:*.tgz=01;31:*.arc=01;31:*.arj=01;31:*.taz=01;31:*.lha=01;31:*.lz4=01;31:*.lzh=01;31:*.lzma=01;31:*.tlz=01;31:*.txz=01;31:*.tzo=01;31:*.t7z=01;31:*.zip=01;31:*.z=01;31:*.dz=01;31:*.gz=01;31:*.lrz=01;31:*.lz=01;31:*.lzo=01;31:*.xz=01;31:*.zst=01;31:*.tzst=01;31:*.bz2=01;31:*.bz=01;31:*.tbz=01;31:*.tbz2=01;31:*.tz=01;31:*.deb=01;31:*.rpm=01;31:*.jar=01;31:*.war=01;31:*.ear=01;31:*.sar=01;31:*.rar=01;31:*.alz=01;31:*.ace=01;31:*.zoo=01;31:*.cpio=01;31:*.7z=01;31:*.rz=01;31:*.cab=01;31:*.wim=01;31:*.swm=01;31:*.dwm=01;31:*.esd=01;31:*.jpg=01;35:*.jpeg=01;35:*.mjpg=01;35:*.mjpeg=01;35:*.gif=01;35:*.bmp=01;35:*.pbm=01;35:*.pgm=01;35:*.ppm=01;35:*.tga=01;35:*.xbm=01;35:*.xpm=01;35:*.tif=01;35:*.tiff=01;35:*.png=01;35:*.svg=01;35:*.svgz=01;35:*.mng=01;35:*.pcx=01;35:*.mov=01;35:*.mpg=01;35:*.mpeg=01;35:*.m2v=01;35:*.mkv=01;35:*.webm=01;35:*.webp=01;35:*.ogm=01;35:*.mp4=01;35:*.m4v=01;35:*.mp4v=01;35:*.vob=01;35:*.qt=01;35:*.nuv=01;35:*.wmv=01;35:*.asf=01;35:*.rm=01;35:*.rmvb=01;35:*.flc=01;35:*.avi=01;35:*.fli=01;35:*.flv=01;35:*.gl=01;35:*.dl=01;35:*.xcf=01;35:*.xwd=01;35:*.yuv=01;35:*.cgm=01;35:*.emf=01;35:*.ogv=01;35:*.ogx=01;35:*.aac=00;36:*.au=00;36:*.flac=00;36:*.m4a=00;36:*.mid=00;36:*.midi=00;36:*.mka=00;36:*.mp3=00;36:*.mpc=00;36:*.ogg=00;36:*.ra=00;36:*.wav=00;36:*.oga=00;36:*.opus=00;36:*.spx=00;36:*.xspf=00;36:'), ('VSCODE_GIT_IPC_HANDLE', '/run/user/1001/vscode-git-2b9838cdfc.sock'), ('TERM_PROGRAM', 'vscode'), ('SSH_AGENT_LAUNCHER', 'gnome-keyring'), ('SSH_AUTH_SOCK', '/run/user/1001/keyring/ssh'), ('AMENT_PREFIX_PATH', '/opt/ros/humble'), ('CONDA_PYTHON_EXE', '/opt/conda/bin/python'), ('SHELL', '/bin/bash'), ('QT_ACCESSIBILITY', '1'), ('GDMSESSION', 'ubuntu'), ('LESSCLOSE', '/usr/bin/lesspipe %s %s'), ('CONDA_DEFAULT_ENV', 'ilab'), ('GK_GL_ADDR', 'http://127.0.0.1:44997'), ('GPG_AGENT_INFO', '/run/user/1001/gnupg/S.gpg-agent:0:1'), ('GJS_DEBUG_OUTPUT', 'stderr'), ('VSCODE_GIT_ASKPASS_EXTRA_ARGS', ''), ('QT_IM_MODULE', 'ibus'), ('PWD', '/home/jaydv/code/robopen_research/ros2_ws/build/franka_pybridge_interfaces'), ('LC_ALL', 'en_US.UTF-8'), ('XDG_CONFIG_DIRS', '/etc/xdg/xdg-ubuntu:/etc/xdg'), ('CONDA_EXE', '/opt/conda/bin/conda'), ('XDG_DATA_DIRS', '/usr/share/ubuntu:/usr/share/gnome:/home/jaydv/.local/share/flatpak/exports/share:/var/lib/flatpak/exports/share:/usr/local/share/:/usr/share/:/var/lib/snapd/desktop'), ('PYTHONPATH', '/opt/ros/humble/lib/python3.10/site-packages:/opt/ros/humble/local/lib/python3.10/dist-packages'), ('CONDA_PREFIX', '/opt/conda/envs/ilab'), ('COLCON', '1'), ('CMAKE_PREFIX_PATH', '/opt/ros/humble')]), 'shell': False}
[0.099713] (-) TimerEvent: {}
[0.121683] (franka_pybridge_interfaces) StderrLine: {'line': b'\x1b[0mCMake Deprecation Warning at CMakeLists.txt:1 (cmake_minimum_required):\n'}
[0.122058] (franka_pybridge_interfaces) StderrLine: {'line': b'  Compatibility with CMake < 3.10 will be removed from a future version of\n'}
[0.122262] (franka_pybridge_interfaces) StderrLine: {'line': b'  CMake.\n'}
[0.122412] (franka_pybridge_interfaces) StderrLine: {'line': b'\n'}
[0.122536] (franka_pybridge_interfaces) StderrLine: {'line': b'  Update the VERSION argument <min> value.  Or, use the <min>...<max> syntax\n'}
[0.122656] (franka_pybridge_interfaces) StderrLine: {'line': b'  to tell CMake that the project requires at least <min> but has been updated\n'}
[0.122777] (franka_pybridge_interfaces) StderrLine: {'line': b'  to work with policies introduced by <max> or earlier.\n'}
[0.122897] (franka_pybridge_interfaces) StderrLine: {'line': b'\n'}
[0.123012] (franka_pybridge_interfaces) StderrLine: {'line': b'\x1b[0m\n'}
[0.195235] (franka_pybridge_interfaces) StdoutLine: {'line': b'-- The C compiler identification is GNU 11.4.0\n'}
[0.199774] (-) TimerEvent: {}
[0.297570] (franka_pybridge_interfaces) StdoutLine: {'line': b'-- The CXX compiler identification is GNU 11.4.0\n'}
[0.299870] (-) TimerEvent: {}
[0.316905] (franka_pybridge_interfaces) StdoutLine: {'line': b'-- Detecting C compiler ABI info\n'}
[0.400036] (-) TimerEvent: {}
[0.418445] (franka_pybridge_interfaces) StdoutLine: {'line': b'-- Detecting C compiler ABI info - done\n'}
[0.442960] (franka_pybridge_interfaces) StdoutLine: {'line': b'-- Check for working C compiler: /usr/bin/cc - skipped\n'}
[0.443597] (franka_pybridge_interfaces) StdoutLine: {'line': b'-- Detecting C compile features\n'}
[0.444413] (franka_pybridge_interfaces) StdoutLine: {'line': b'-- Detecting C compile features - done\n'}
[0.471554] (franka_pybridge_interfaces) StdoutLine: {'line': b'-- Detecting CXX compiler ABI info\n'}
[0.500150] (-) TimerEvent: {}
[0.588995] (franka_pybridge_interfaces) StdoutLine: {'line': b'-- Detecting CXX compiler ABI info - done\n'}
[0.600235] (-) TimerEvent: {}
[0.624394] (franka_pybridge_interfaces) StdoutLine: {'line': b'-- Check for working CXX compiler: /usr/bin/c++ - skipped\n'}
[0.625149] (franka_pybridge_interfaces) StdoutLine: {'line': b'-- Detecting CXX compile features\n'}
[0.626363] (franka_pybridge_interfaces) StdoutLine: {'line': b'-- Detecting CXX compile features - done\n'}
[0.650631] (franka_pybridge_interfaces) StdoutLine: {'line': b'-- Found ament_cmake: 1.3.12 (/opt/ros/humble/share/ament_cmake/cmake)\n'}
[0.700382] (-) TimerEvent: {}
[0.800805] (-) TimerEvent: {}
[0.900517] (franka_pybridge_interfaces) StdoutLine: {'line': b'-- Found Python3: /opt/conda/envs/ilab/bin/python3 (found version "3.10.18") found components: Interpreter\n'}
[0.900845] (-) TimerEvent: {}
[1.001129] (-) TimerEvent: {}
[1.027948] (franka_pybridge_interfaces) StdoutLine: {'line': b'-- Found rosidl_default_generators: 1.2.0 (/opt/ros/humble/share/rosidl_default_generators/cmake)\n'}
[1.031937] (franka_pybridge_interfaces) StdoutLine: {'line': b'-- Using all available rosidl_typesupport_c: rosidl_typesupport_fastrtps_c;rosidl_typesupport_introspection_c\n'}
[1.040803] (franka_pybridge_interfaces) StdoutLine: {'line': b'-- Found rosidl_adapter: 3.1.8 (/opt/ros/humble/share/rosidl_adapter/cmake)\n'}
[1.101284] (-) TimerEvent: {}
[1.105326] (franka_pybridge_interfaces) StdoutLine: {'line': b'-- Using all available rosidl_typesupport_cpp: rosidl_typesupport_fastrtps_cpp;rosidl_typesupport_introspection_cpp\n'}
[1.201392] (-) TimerEvent: {}
[1.301926] (-) TimerEvent: {}
[1.402411] (-) TimerEvent: {}
[1.502847] (-) TimerEvent: {}
[1.603309] (-) TimerEvent: {}
[1.703734] (-) TimerEvent: {}
[1.804186] (-) TimerEvent: {}
[1.862443] (franka_pybridge_interfaces) StdoutLine: {'line': b'-- Found ament_cmake_ros: 0.10.0 (/opt/ros/humble/share/ament_cmake_ros/cmake)\n'}
[1.904462] (-) TimerEvent: {}
[2.004913] (-) TimerEvent: {}
[2.105355] (-) TimerEvent: {}
[2.205782] (-) TimerEvent: {}
[2.306257] (-) TimerEvent: {}
[2.406833] (-) TimerEvent: {}
[2.507308] (-) TimerEvent: {}
[2.607731] (-) TimerEvent: {}
[2.672991] (franka_pybridge_interfaces) StdoutLine: {'line': b'-- Using all available rosidl_typesupport_c: rosidl_typesupport_fastrtps_c;rosidl_typesupport_introspection_c\n'}
[2.707820] (-) TimerEvent: {}
[2.808341] (-) TimerEvent: {}
[2.908762] (-) TimerEvent: {}
[3.009267] (-) TimerEvent: {}
[3.109676] (-) TimerEvent: {}
[3.210192] (-) TimerEvent: {}
[3.310600] (-) TimerEvent: {}
[3.411056] (-) TimerEvent: {}
[3.511525] (-) TimerEvent: {}
[3.611931] (-) TimerEvent: {}
[3.712297] (-) TimerEvent: {}
[3.723824] (franka_pybridge_interfaces) StdoutLine: {'line': b'-- Using all available rosidl_typesupport_cpp: rosidl_typesupport_fastrtps_cpp;rosidl_typesupport_introspection_cpp\n'}
[3.727652] (franka_pybridge_interfaces) StderrLine: {'line': b'\x1b[33mCMake Warning (dev) at /opt/ros/humble/share/rosidl_generator_py/cmake/rosidl_generator_py_generate_interfaces.cmake:20 (find_package):\n'}
[3.727857] (franka_pybridge_interfaces) StderrLine: {'line': b'  Policy CMP0148 is not set: The FindPythonInterp and FindPythonLibs modules\n'}
[3.727978] (franka_pybridge_interfaces) StderrLine: {'line': b'  are removed.  Run "cmake --help-policy CMP0148" for policy details.  Use\n'}
[3.728112] (franka_pybridge_interfaces) StderrLine: {'line': b'  the cmake_policy command to set the policy and suppress this warning.\n'}
[3.728275] (franka_pybridge_interfaces) StderrLine: {'line': b'\n'}
[3.728398] (franka_pybridge_interfaces) StderrLine: {'line': b'Call Stack (most recent call first):\n'}
[3.728508] (franka_pybridge_interfaces) StderrLine: {'line': b'  /opt/ros/humble/share/ament_cmake_core/cmake/core/ament_execute_extensions.cmake:48 (include)\n'}
[3.728616] (franka_pybridge_interfaces) StderrLine: {'line': b'  /opt/ros/humble/share/rosidl_cmake/cmake/rosidl_generate_interfaces.cmake:286 (ament_execute_extensions)\n'}
[3.728724] (franka_pybridge_interfaces) StderrLine: {'line': b'  CMakeLists.txt:12 (rosidl_generate_interfaces)\n'}
[3.728832] (franka_pybridge_interfaces) StderrLine: {'line': b'This warning is for project developers.  Use -Wno-dev to suppress it.\n'}
[3.728945] (franka_pybridge_interfaces) StderrLine: {'line': b'\x1b[0m\n'}
[3.773277] (franka_pybridge_interfaces) StdoutLine: {'line': b'-- Found PythonInterp: /opt/conda/envs/ilab/bin/python3 (found suitable version "3.10.18", minimum required is "3.6")\n'}
[3.779483] (franka_pybridge_interfaces) StdoutLine: {'line': b'-- Found python_cmake_module: 0.10.0 (/opt/ros/humble/share/python_cmake_module/cmake)\n'}
[3.780891] (franka_pybridge_interfaces) StderrLine: {'line': b'\x1b[33mCMake Warning (dev) at /opt/ros/humble/share/python_cmake_module/cmake/Modules/FindPythonExtra.cmake:52 (find_package):\n'}
[3.781065] (franka_pybridge_interfaces) StderrLine: {'line': b'  Policy CMP0148 is not set: The FindPythonInterp and FindPythonLibs modules\n'}
[3.781179] (franka_pybridge_interfaces) StderrLine: {'line': b'  are removed.  Run "cmake --help-policy CMP0148" for policy details.  Use\n'}
[3.781311] (franka_pybridge_interfaces) StderrLine: {'line': b'  the cmake_policy command to set the policy and suppress this warning.\n'}
[3.781422] (franka_pybridge_interfaces) StderrLine: {'line': b'\n'}
[3.781527] (franka_pybridge_interfaces) StderrLine: {'line': b'Call Stack (most recent call first):\n'}
[3.781629] (franka_pybridge_interfaces) StderrLine: {'line': b'  /opt/ros/humble/share/rosidl_generator_py/cmake/rosidl_generator_py_generate_interfaces.cmake:23 (find_package)\n'}
[3.781734] (franka_pybridge_interfaces) StderrLine: {'line': b'  /opt/ros/humble/share/ament_cmake_core/cmake/core/ament_execute_extensions.cmake:48 (include)\n'}
[3.781862] (franka_pybridge_interfaces) StderrLine: {'line': b'  /opt/ros/humble/share/rosidl_cmake/cmake/rosidl_generate_interfaces.cmake:286 (ament_execute_extensions)\n'}
[3.781971] (franka_pybridge_interfaces) StderrLine: {'line': b'  CMakeLists.txt:12 (rosidl_generate_interfaces)\n'}
[3.782072] (franka_pybridge_interfaces) StderrLine: {'line': b'This warning is for project developers.  Use -Wno-dev to suppress it.\n'}
[3.782166] (franka_pybridge_interfaces) StderrLine: {'line': b'\x1b[0m\n'}
[3.812389] (-) TimerEvent: {}
[3.819971] (franka_pybridge_interfaces) StderrLine: {'line': b'\x1b[33mCMake Warning (dev) at /opt/ros/humble/share/python_cmake_module/cmake/Modules/FindPythonExtra.cmake:140 (find_package):\n'}
[3.820259] (franka_pybridge_interfaces) StderrLine: {'line': b'  Policy CMP0148 is not set: The FindPythonInterp and FindPythonLibs modules\n'}
[3.820431] (franka_pybridge_interfaces) StderrLine: {'line': b'  are removed.  Run "cmake --help-policy CMP0148" for policy details.  Use\n'}
[3.820550] (franka_pybridge_interfaces) StderrLine: {'line': b'  the cmake_policy command to set the policy and suppress this warning.\n'}
[3.820658] (franka_pybridge_interfaces) StderrLine: {'line': b'\n'}
[3.820772] (franka_pybridge_interfaces) StderrLine: {'line': b'Call Stack (most recent call first):\n'}
[3.820895] (franka_pybridge_interfaces) StderrLine: {'line': b'  /opt/ros/humble/share/rosidl_generator_py/cmake/rosidl_generator_py_generate_interfaces.cmake:23 (find_package)\n'}
[3.821002] (franka_pybridge_interfaces) StderrLine: {'line': b'  /opt/ros/humble/share/ament_cmake_core/cmake/core/ament_execute_extensions.cmake:48 (include)\n'}
[3.821144] (franka_pybridge_interfaces) StderrLine: {'line': b'  /opt/ros/humble/share/rosidl_cmake/cmake/rosidl_generate_interfaces.cmake:286 (ament_execute_extensions)\n'}
[3.821314] (franka_pybridge_interfaces) StderrLine: {'line': b'  CMakeLists.txt:12 (rosidl_generate_interfaces)\n'}
[3.821436] (franka_pybridge_interfaces) StderrLine: {'line': b'This warning is for project developers.  Use -Wno-dev to suppress it.\n'}
[3.821542] (franka_pybridge_interfaces) StderrLine: {'line': b'\x1b[0m\n'}
[3.825947] (franka_pybridge_interfaces) StdoutLine: {'line': b'-- Found PythonLibs: /opt/conda/envs/ilab/lib/libpython3.10.so (found suitable version "3.10.18", minimum required is "3.5")\n'}
[3.826259] (franka_pybridge_interfaces) StdoutLine: {'line': b'-- Using PYTHON_EXECUTABLE: /opt/conda/envs/ilab/bin/python3\n'}
[3.826435] (franka_pybridge_interfaces) StdoutLine: {'line': b'-- Using PYTHON_INCLUDE_DIRS: /opt/conda/envs/ilab/include/python3.10\n'}
[3.826554] (franka_pybridge_interfaces) StdoutLine: {'line': b'-- Using PYTHON_LIBRARIES: /opt/conda/envs/ilab/lib/libpython3.10.so\n'}
[3.868689] (franka_pybridge_interfaces) StdoutLine: {'line': b'-- Found PythonExtra: .so\n'}
[3.912552] (-) TimerEvent: {}
[4.012932] (-) TimerEvent: {}
[4.110536] (franka_pybridge_interfaces) StdoutLine: {'line': b'-- Using numpy include directory: /opt/conda/envs/ilab/lib/python3.10/site-packages/numpy/core/include\n'}
[4.112996] (-) TimerEvent: {}
[4.124130] (franka_pybridge_interfaces) StdoutLine: {'line': b'-- Found ament_lint_auto: 0.12.14 (/opt/ros/humble/share/ament_lint_auto/cmake)\n'}
[4.157505] (franka_pybridge_interfaces) StdoutLine: {'line': b"-- Added test 'lint_cmake' to check CMake code style\n"}
[4.160289] (franka_pybridge_interfaces) StdoutLine: {'line': b"-- Added test 'xmllint' to check XML markup files\n"}
[4.164918] (franka_pybridge_interfaces) StdoutLine: {'line': b'-- Configuring done (4.1s)\n'}
[4.213119] (-) TimerEvent: {}
[4.221485] (franka_pybridge_interfaces) StdoutLine: {'line': b'-- Generating done (0.1s)\n'}
[4.232985] (franka_pybridge_interfaces) StdoutLine: {'line': b'-- Build files have been written to: /home/jaydv/code/robopen_research/ros2_ws/build/franka_pybridge_interfaces\n'}
[4.249178] (franka_pybridge_interfaces) CommandEnded: {'returncode': 0}
[4.250279] (franka_pybridge_interfaces) JobProgress: {'identifier': 'franka_pybridge_interfaces', 'progress': 'build'}
[4.252429] (franka_pybridge_interfaces) Command: {'cmd': ['/opt/conda/envs/ilab/bin/cmake', '--build', '/home/jaydv/code/robopen_research/ros2_ws/build/franka_pybridge_interfaces', '--', '-j48', '-l48'], 'cwd': '/home/jaydv/code/robopen_research/ros2_ws/build/franka_pybridge_interfaces', 'env': OrderedDict([('GJS_DEBUG_TOPICS', 'JS ERROR;JS LOG'), ('PYTHON_BASIC_REPL', '1'), ('LESSOPEN', '| /usr/bin/lesspipe %s'), ('CONDA_PROMPT_MODIFIER', '(ilab)'), ('USER', 'jaydv'), ('XDG_SESSION_TYPE', 'x11'), ('GIT_ASKPASS', '/usr/share/code-insiders/resources/app/extensions/git/dist/askpass.sh'), ('DATA', '/mnt/laptop/collected_data/proximity_learning'), ('SHLVL', '1'), ('LD_LIBRARY_PATH', '/opt/ros/humble/opt/rviz_ogre_vendor/lib:/opt/ros/humble/lib/x86_64-linux-gnu:/opt/ros/humble/lib:/home/jaydv/.mujoco/mujoco210/bin:/usr/lib/nvidia'), ('HOME', '/home/jaydv'), ('CHROME_DESKTOP', 'code-insiders.desktop'), ('CONDA_SHLVL', '2'), ('OLDPWD', '/home/jaydv/code/robopen_research'), ('TERM_PROGRAM_VERSION', '1.110.0-insider'), ('DESKTOP_SESSION', 'ubuntu'), ('GIO_LAUNCHED_DESKTOP_FILE', '/usr/share/applications/code-insiders.desktop'), ('ROS_PYTHON_VERSION', '3'), ('GNOME_SHELL_SESSION_MODE', 'ubuntu'), ('GTK_MODULES', 'gail:atk-bridge'), ('GK_GL_PATH', '/tmp/gitkraken/gitlens/gitlens-ipc-server-370473-44997.json'), ('VSCODE_GIT_ASKPASS_MAIN', '/usr/share/code-insiders/resources/app/extensions/git/dist/askpass-main.js'), ('VSCODE_GIT_ASKPASS_NODE', '/usr/share/code-insiders/code-insiders'), ('MANAGERPID', '4143'), ('PYDEVD_DISABLE_FILE_VALIDATION', '1'), ('SYSTEMD_EXEC_PID', '4412'), ('BUNDLED_DEBUGPY_PATH', '/home/jaydv/.vscode-insiders/extensions/ms-python.debugpy-2025.19.2026021801-linux-x64/bundled/libs/debugpy'), ('VSCODE_PYTHON_AUTOACTIVATE_GUARD', '1'), ('DBUS_SESSION_BUS_ADDRESS', 'unix:path=/run/user/1001/bus'), ('COLORTERM', 'truecolor'), ('_CE_M', ''), ('GIO_LAUNCHED_DESKTOP_FILE_PID', '370473'), ('ROS_DISTRO', 'humble'), ('GTK_IM_MODULE', 'ibus'), ('LOGNAME', 'jaydv'), ('JOURNAL_STREAM', '8:25366'), ('_', '/usr/bin/colcon'), ('ROS_VERSION', '2'), ('XDG_SESSION_CLASS', 'user'), ('USERNAME', 'jaydv'), ('TERM', 'xterm-256color'), ('GNOME_DESKTOP_SESSION_ID', 'this-is-deprecated'), ('_CE_CONDA', ''), ('FC_FONTATIONS', '1'), ('ROS_LOCALHOST_ONLY', '0'), ('WINDOWPATH', '2'), ('PATH', '/opt/ros/humble/bin:/home/jaydv/.mujoco/mujoco210/bin:/usr/lib/nvidia:/opt/conda/envs/ilab/bin:/opt/conda/condabin:/home/jaydv/.config/Code - Insiders/User/globalStorage/github.copilot-chat/debugCommand:/home/jaydv/.config/Code - Insiders/User/globalStorage/github.copilot-chat/copilotCli:/home/jaydv/.cargo/bin:/home/jaydv/.local/bin:/usr/local/sbin:/usr/local/bin:/usr/sbin:/usr/bin:/sbin:/bin:/usr/games:/usr/local/games:/snap/bin:/snap/bin:/home/jaydv/.vscode-insiders/extensions/ms-python.debugpy-2025.19.2026021801-linux-x64/bundled/scripts/noConfigScripts'), ('SESSION_MANAGER', 'local/batman:@/tmp/.ICE-unix/4389,unix/batman:/tmp/.ICE-unix/4389'), ('INVOCATION_ID', 'e2d675680a7544b59f69fb36723cfcb3'), ('XDG_MENU_PREFIX', 'gnome-'), ('XDG_RUNTIME_DIR', '/run/user/1001'), ('GDK_BACKEND', 'x11'), ('DISPLAY', ':1'), ('VSCODE_DEBUGPY_ADAPTER_ENDPOINTS', '/home/jaydv/.vscode-insiders/extensions/ms-python.debugpy-2025.19.2026021801-linux-x64/.noConfigDebugAdapterEndpoints/endpoint-7172946645596d2e.txt'), ('LD_PRELOAD', '/usr/lib/x86_64-linux-gnu/libstdc++.so.6'), ('LANG', 'en_US.UTF-8'), ('XDG_CURRENT_DESKTOP', 'ubuntu:GNOME'), ('PYTHONSTARTUP', '/home/jaydv/.config/Code - Insiders/User/workspaceStorage/527a9bc5cc1e816dbde29246993970d9/ms-python.python/pythonrc.py'), ('CONDA_PREFIX_1', '/opt/conda'), ('XMODIFIERS', '@im=ibus'), ('XDG_SESSION_DESKTOP', 'ubuntu'), ('XAUTHORITY', '/run/user/1001/gdm/Xauthority'), ('LS_COLORS', 'rs=0:di=01;34:ln=01;36:mh=00:pi=40;33:so=01;35:do=01;35:bd=40;33;01:cd=40;33;01:or=40;31;01:mi=00:su=37;41:sg=30;43:ca=30;41:tw=30;42:ow=34;42:st=37;44:ex=01;32:*.tar=01;31:*.tgz=01;31:*.arc=01;31:*.arj=01;31:*.taz=01;31:*.lha=01;31:*.lz4=01;31:*.lzh=01;31:*.lzma=01;31:*.tlz=01;31:*.txz=01;31:*.tzo=01;31:*.t7z=01;31:*.zip=01;31:*.z=01;31:*.dz=01;31:*.gz=01;31:*.lrz=01;31:*.lz=01;31:*.lzo=01;31:*.xz=01;31:*.zst=01;31:*.tzst=01;31:*.bz2=01;31:*.bz=01;31:*.tbz=01;31:*.tbz2=01;31:*.tz=01;31:*.deb=01;31:*.rpm=01;31:*.jar=01;31:*.war=01;31:*.ear=01;31:*.sar=01;31:*.rar=01;31:*.alz=01;31:*.ace=01;31:*.zoo=01;31:*.cpio=01;31:*.7z=01;31:*.rz=01;31:*.cab=01;31:*.wim=01;31:*.swm=01;31:*.dwm=01;31:*.esd=01;31:*.jpg=01;35:*.jpeg=01;35:*.mjpg=01;35:*.mjpeg=01;35:*.gif=01;35:*.bmp=01;35:*.pbm=01;35:*.pgm=01;35:*.ppm=01;35:*.tga=01;35:*.xbm=01;35:*.xpm=01;35:*.tif=01;35:*.tiff=01;35:*.png=01;35:*.svg=01;35:*.svgz=01;35:*.mng=01;35:*.pcx=01;35:*.mov=01;35:*.mpg=01;35:*.mpeg=01;35:*.m2v=01;35:*.mkv=01;35:*.webm=01;35:*.webp=01;35:*.ogm=01;35:*.mp4=01;35:*.m4v=01;35:*.mp4v=01;35:*.vob=01;35:*.qt=01;35:*.nuv=01;35:*.wmv=01;35:*.asf=01;35:*.rm=01;35:*.rmvb=01;35:*.flc=01;35:*.avi=01;35:*.fli=01;35:*.flv=01;35:*.gl=01;35:*.dl=01;35:*.xcf=01;35:*.xwd=01;35:*.yuv=01;35:*.cgm=01;35:*.emf=01;35:*.ogv=01;35:*.ogx=01;35:*.aac=00;36:*.au=00;36:*.flac=00;36:*.m4a=00;36:*.mid=00;36:*.midi=00;36:*.mka=00;36:*.mp3=00;36:*.mpc=00;36:*.ogg=00;36:*.ra=00;36:*.wav=00;36:*.oga=00;36:*.opus=00;36:*.spx=00;36:*.xspf=00;36:'), ('VSCODE_GIT_IPC_HANDLE', '/run/user/1001/vscode-git-2b9838cdfc.sock'), ('TERM_PROGRAM', 'vscode'), ('SSH_AGENT_LAUNCHER', 'gnome-keyring'), ('SSH_AUTH_SOCK', '/run/user/1001/keyring/ssh'), ('AMENT_PREFIX_PATH', '/opt/ros/humble'), ('CONDA_PYTHON_EXE', '/opt/conda/bin/python'), ('SHELL', '/bin/bash'), ('QT_ACCESSIBILITY', '1'), ('GDMSESSION', 'ubuntu'), ('LESSCLOSE', '/usr/bin/lesspipe %s %s'), ('CONDA_DEFAULT_ENV', 'ilab'), ('GK_GL_ADDR', 'http://127.0.0.1:44997'), ('GPG_AGENT_INFO', '/run/user/1001/gnupg/S.gpg-agent:0:1'), ('GJS_DEBUG_OUTPUT', 'stderr'), ('VSCODE_GIT_ASKPASS_EXTRA_ARGS', ''), ('QT_IM_MODULE', 'ibus'), ('PWD', '/home/jaydv/code/robopen_research/ros2_ws/build/franka_pybridge_interfaces'), ('LC_ALL', 'en_US.UTF-8'), ('XDG_CONFIG_DIRS', '/etc/xdg/xdg-ubuntu:/etc/xdg'), ('CONDA_EXE', '/opt/conda/bin/conda'), ('XDG_DATA_DIRS', '/usr/share/ubuntu:/usr/share/gnome:/home/jaydv/.local/share/flatpak/exports/share:/var/lib/flatpak/exports/share:/usr/local/share/:/usr/share/:/var/lib/snapd/desktop'), ('PYTHONPATH', '/opt/ros/humble/lib/python3.10/site-packages:/opt/ros/humble/local/lib/python3.10/dist-packages'), ('CONDA_PREFIX', '/opt/conda/envs/ilab'), ('COLCON', '1'), ('CMAKE_PREFIX_PATH', '/opt/ros/humble')]), 'shell': False}
[4.313262] (-) TimerEvent: {}
[4.387050] (franka_pybridge_interfaces) StdoutLine: {'line': b'[  1%] \x1b[1m\x1b[34mGenerating C code for ROS interfaces\x1b[0m\n'}
[4.398966] (franka_pybridge_interfaces) StdoutLine: {'line': b'[  2%] \x1b[1m\x1b[34mGenerating C++ code for ROS interfaces\x1b[0m\n'}
[4.405482] (franka_pybridge_interfaces) StdoutLine: {'line': b'[  2%] Built target ament_cmake_python_copy_franka_pybridge_interfaces\n'}
[4.413344] (-) TimerEvent: {}
[4.513622] (-) TimerEvent: {}
[4.613955] (-) TimerEvent: {}
[4.714434] (-) TimerEvent: {}
[4.751673] (franka_pybridge_interfaces) StdoutLine: {'line': b'running egg_info\n'}
[4.774704] (franka_pybridge_interfaces) StdoutLine: {'line': b'creating franka_pybridge_interfaces.egg-info\n'}
[4.774976] (franka_pybridge_interfaces) StdoutLine: {'line': b'writing franka_pybridge_interfaces.egg-info/PKG-INFO\n'}
[4.775142] (franka_pybridge_interfaces) StdoutLine: {'line': b'writing dependency_links to franka_pybridge_interfaces.egg-info/dependency_links.txt\n'}
[4.775425] (franka_pybridge_interfaces) StdoutLine: {'line': b'writing top-level names to franka_pybridge_interfaces.egg-info/top_level.txt\n'}
[4.775571] (franka_pybridge_interfaces) StdoutLine: {'line': b"writing manifest file 'franka_pybridge_interfaces.egg-info/SOURCES.txt'\n"}
[4.814557] (-) TimerEvent: {}
[4.914908] (-) TimerEvent: {}
[4.917948] (franka_pybridge_interfaces) StdoutLine: {'line': b"reading manifest file 'franka_pybridge_interfaces.egg-info/SOURCES.txt'\n"}
[4.918922] (franka_pybridge_interfaces) StdoutLine: {'line': b"writing manifest file 'franka_pybridge_interfaces.egg-info/SOURCES.txt'\n"}
[4.979037] (franka_pybridge_interfaces) StdoutLine: {'line': b'[  2%] Built target ament_cmake_python_build_franka_pybridge_interfaces_egg\n'}
[5.015046] (-) TimerEvent: {}
[5.115411] (-) TimerEvent: {}
[5.215728] (-) TimerEvent: {}
[5.221392] (franka_pybridge_interfaces) StdoutLine: {'line': b'[  4%] \x1b[32mBuilding C object CMakeFiles/franka_pybridge_interfaces__rosidl_generator_c.dir/rosidl_generator_c/franka_pybridge_interfaces/msg/detail/joint_data_array__functions.c.o\x1b[0m\n'}
[5.223470] (franka_pybridge_interfaces) StdoutLine: {'line': b'[  5%] \x1b[32mBuilding C object CMakeFiles/franka_pybridge_interfaces__rosidl_generator_c.dir/rosidl_generator_c/franka_pybridge_interfaces/srv/detail/get_q__functions.c.o\x1b[0m\n'}
[5.224099] (franka_pybridge_interfaces) StdoutLine: {'line': b'[  8%] \x1b[32mBuilding C object CMakeFiles/franka_pybridge_interfaces__rosidl_generator_c.dir/rosidl_generator_c/franka_pybridge_interfaces/srv/detail/execute_plan_log__functions.c.o\x1b[0m\n'}
[5.224400] (franka_pybridge_interfaces) StdoutLine: {'line': b'[  9%] \x1b[32mBuilding C object CMakeFiles/franka_pybridge_interfaces__rosidl_generator_c.dir/rosidl_generator_c/franka_pybridge_interfaces/srv/detail/execute_plan__functions.c.o\x1b[0m\n'}
[5.224563] (franka_pybridge_interfaces) StdoutLine: {'line': b'[  9%] \x1b[32mBuilding C object CMakeFiles/franka_pybridge_interfaces__rosidl_generator_c.dir/rosidl_generator_c/franka_pybridge_interfaces/srv/detail/operate_suction__functions.c.o\x1b[0m\n'}
[5.224725] (franka_pybridge_interfaces) StdoutLine: {'line': b'[ 11%] \x1b[32mBuilding C object CMakeFiles/franka_pybridge_interfaces__rosidl_generator_c.dir/rosidl_generator_c/franka_pybridge_interfaces/srv/detail/set_load__functions.c.o\x1b[0m\n'}
[5.315881] (-) TimerEvent: {}
[5.317327] (franka_pybridge_interfaces) StdoutLine: {'line': b'[ 11%] Built target franka_pybridge_interfaces__cpp\n'}
[5.322274] (franka_pybridge_interfaces) StdoutLine: {'line': b'[ 12%] \x1b[1m\x1b[32mLinking C shared library libfranka_pybridge_interfaces__rosidl_generator_c.so\x1b[0m\n'}
[5.327484] (franka_pybridge_interfaces) StdoutLine: {'line': b'[ 14%] \x1b[1m\x1b[34mGenerating C++ type support dispatch for ROS interfaces\x1b[0m\n'}
[5.329585] (franka_pybridge_interfaces) StdoutLine: {'line': b'[ 15%] \x1b[1m\x1b[34mGenerating C++ introspection for ROS interfaces\x1b[0m\n'}
[5.330358] (franka_pybridge_interfaces) StdoutLine: {'line': b'[ 16%] \x1b[1m\x1b[34mGenerating C++ type support for eProsima Fast-RTPS\x1b[0m\n'}
[5.372259] (franka_pybridge_interfaces) StdoutLine: {'line': b'[ 16%] Built target franka_pybridge_interfaces__rosidl_generator_c\n'}
[5.383757] (franka_pybridge_interfaces) StdoutLine: {'line': b'[ 19%] \x1b[1m\x1b[34mGenerating C type support dispatch for ROS interfaces\x1b[0m\n'}
[5.384075] (franka_pybridge_interfaces) StdoutLine: {'line': b'[ 19%] \x1b[1m\x1b[34mGenerating C type support for eProsima Fast-RTPS\x1b[0m\n'}
[5.384299] (franka_pybridge_interfaces) StdoutLine: {'line': b'[ 21%] \x1b[1m\x1b[34mGenerating C introspection for ROS interfaces\x1b[0m\n'}
[5.416302] (-) TimerEvent: {}
[5.516756] (-) TimerEvent: {}
[5.617274] (-) TimerEvent: {}
[5.717878] (-) TimerEvent: {}
[5.818490] (-) TimerEvent: {}
[5.915275] (franka_pybridge_interfaces) StdoutLine: {'line': b'[ 22%] \x1b[32mBuilding CXX object CMakeFiles/franka_pybridge_interfaces__rosidl_typesupport_cpp.dir/rosidl_typesupport_cpp/franka_pybridge_interfaces/srv/get_q__type_support.cpp.o\x1b[0m\n'}
[5.915675] (franka_pybridge_interfaces) StdoutLine: {'line': b'[ 23%] \x1b[32mBuilding CXX object CMakeFiles/franka_pybridge_interfaces__rosidl_typesupport_cpp.dir/rosidl_typesupport_cpp/franka_pybridge_interfaces/srv/execute_plan_log__type_support.cpp.o\x1b[0m\n'}
[5.915921] (franka_pybridge_interfaces) StdoutLine: {'line': b'[ 25%] \x1b[32mBuilding CXX object CMakeFiles/franka_pybridge_interfaces__rosidl_typesupport_cpp.dir/rosidl_typesupport_cpp/franka_pybridge_interfaces/msg/joint_data_array__type_support.cpp.o\x1b[0m\n'}
[5.916165] (franka_pybridge_interfaces) StdoutLine: {'line': b'[ 26%] \x1b[32mBuilding CXX object CMakeFiles/franka_pybridge_interfaces__rosidl_typesupport_cpp.dir/rosidl_typesupport_cpp/franka_pybridge_interfaces/srv/execute_plan__type_support.cpp.o\x1b[0m\n'}
[5.917343] (franka_pybridge_interfaces) StdoutLine: {'line': b'[ 28%] \x1b[32mBuilding CXX object CMakeFiles/franka_pybridge_interfaces__rosidl_typesupport_cpp.dir/rosidl_typesupport_cpp/franka_pybridge_interfaces/srv/operate_suction__type_support.cpp.o\x1b[0m\n'}
[5.918318] (franka_pybridge_interfaces) StdoutLine: {'line': b'[ 29%] \x1b[32mBuilding CXX object CMakeFiles/franka_pybridge_interfaces__rosidl_typesupport_cpp.dir/rosidl_typesupport_cpp/franka_pybridge_interfaces/srv/set_load__type_support.cpp.o\x1b[0m\n'}
[5.918533] (-) TimerEvent: {}
[5.995713] (franka_pybridge_interfaces) StdoutLine: {'line': b'[ 32%] \x1b[32mBuilding CXX object CMakeFiles/franka_pybridge_interfaces__rosidl_typesupport_c.dir/rosidl_typesupport_c/franka_pybridge_interfaces/srv/get_q__type_support.cpp.o\x1b[0m\n'}
[5.995987] (franka_pybridge_interfaces) StdoutLine: {'line': b'[ 32%] \x1b[32mBuilding CXX object CMakeFiles/franka_pybridge_interfaces__rosidl_typesupport_c.dir/rosidl_typesupport_c/franka_pybridge_interfaces/msg/joint_data_array__type_support.cpp.o\x1b[0m\n'}
[5.996161] (franka_pybridge_interfaces) StdoutLine: {'line': b'[ 33%] \x1b[32mBuilding CXX object CMakeFiles/franka_pybridge_interfaces__rosidl_typesupport_c.dir/rosidl_typesupport_c/franka_pybridge_interfaces/srv/execute_plan__type_support.cpp.o\x1b[0m\n'}
[5.996470] (franka_pybridge_interfaces) StdoutLine: {'line': b'[ 35%] \x1b[32mBuilding CXX object CMakeFiles/franka_pybridge_interfaces__rosidl_typesupport_c.dir/rosidl_typesupport_c/franka_pybridge_interfaces/srv/execute_plan_log__type_support.cpp.o\x1b[0m\n'}
[5.996648] (franka_pybridge_interfaces) StdoutLine: {'line': b'[ 36%] \x1b[32mBuilding CXX object CMakeFiles/franka_pybridge_interfaces__rosidl_typesupport_c.dir/rosidl_typesupport_c/franka_pybridge_interfaces/srv/set_load__type_support.cpp.o\x1b[0m\n'}
[5.997529] (franka_pybridge_interfaces) StdoutLine: {'line': b'[ 38%] \x1b[32mBuilding CXX object CMakeFiles/franka_pybridge_interfaces__rosidl_typesupport_c.dir/rosidl_typesupport_c/franka_pybridge_interfaces/srv/operate_suction__type_support.cpp.o\x1b[0m\n'}
[6.018687] (-) TimerEvent: {}
[6.041973] (franka_pybridge_interfaces) StdoutLine: {'line': b'[ 39%] \x1b[32mBuilding CXX object CMakeFiles/franka_pybridge_interfaces__rosidl_typesupport_introspection_cpp.dir/rosidl_typesupport_introspection_cpp/franka_pybridge_interfaces/msg/detail/joint_data_array__type_support.cpp.o\x1b[0m\n'}
[6.042358] (franka_pybridge_interfaces) StdoutLine: {'line': b'[ 40%] \x1b[32mBuilding CXX object CMakeFiles/franka_pybridge_interfaces__rosidl_typesupport_introspection_cpp.dir/rosidl_typesupport_introspection_cpp/franka_pybridge_interfaces/srv/detail/get_q__type_support.cpp.o\x1b[0m\n'}
[6.042470] (franka_pybridge_interfaces) StdoutLine: {'line': b'[ 42%] \x1b[32mBuilding CXX object CMakeFiles/franka_pybridge_interfaces__rosidl_typesupport_introspection_cpp.dir/rosidl_typesupport_introspection_cpp/franka_pybridge_interfaces/srv/detail/execute_plan__type_support.cpp.o\x1b[0m\n'}
[6.042604] (franka_pybridge_interfaces) StdoutLine: {'line': b'[ 43%] \x1b[32mBuilding CXX object CMakeFiles/franka_pybridge_interfaces__rosidl_typesupport_introspection_cpp.dir/rosidl_typesupport_introspection_cpp/franka_pybridge_interfaces/srv/detail/operate_suction__type_support.cpp.o\x1b[0m\n'}
[6.043134] (franka_pybridge_interfaces) StdoutLine: {'line': b'[ 45%] \x1b[32mBuilding CXX object CMakeFiles/franka_pybridge_interfaces__rosidl_typesupport_introspection_cpp.dir/rosidl_typesupport_introspection_cpp/franka_pybridge_interfaces/srv/detail/set_load__type_support.cpp.o\x1b[0m\n'}
[6.044249] (franka_pybridge_interfaces) StdoutLine: {'line': b'[ 46%] \x1b[32mBuilding CXX object CMakeFiles/franka_pybridge_interfaces__rosidl_typesupport_introspection_cpp.dir/rosidl_typesupport_introspection_cpp/franka_pybridge_interfaces/srv/detail/execute_plan_log__type_support.cpp.o\x1b[0m\n'}
[6.051453] (franka_pybridge_interfaces) StdoutLine: {'line': b'[ 47%] \x1b[1m\x1b[32mLinking CXX shared library libfranka_pybridge_interfaces__rosidl_typesupport_c.so\x1b[0m\n'}
[6.097140] (franka_pybridge_interfaces) StdoutLine: {'line': b'[ 47%] Built target franka_pybridge_interfaces__rosidl_typesupport_c\n'}
[6.119305] (-) TimerEvent: {}
[6.138043] (franka_pybridge_interfaces) StdoutLine: {'line': b'[ 49%] \x1b[32mBuilding C object CMakeFiles/franka_pybridge_interfaces__rosidl_typesupport_introspection_c.dir/rosidl_typesupport_introspection_c/franka_pybridge_interfaces/srv/detail/execute_plan__type_support.c.o\x1b[0m\n'}
[6.138469] (franka_pybridge_interfaces) StdoutLine: {'line': b'[ 50%] \x1b[32mBuilding C object CMakeFiles/franka_pybridge_interfaces__rosidl_typesupport_introspection_c.dir/rosidl_typesupport_introspection_c/franka_pybridge_interfaces/srv/detail/get_q__type_support.c.o\x1b[0m\n'}
[6.138791] (franka_pybridge_interfaces) StdoutLine: {'line': b'[ 53%] \x1b[32mBuilding C object CMakeFiles/franka_pybridge_interfaces__rosidl_typesupport_introspection_c.dir/rosidl_typesupport_introspection_c/franka_pybridge_interfaces/srv/detail/set_load__type_support.c.o\x1b[0m\n'}
[6.139036] (franka_pybridge_interfaces) StdoutLine: {'line': b'[ 54%] \x1b[32mBuilding C object CMakeFiles/franka_pybridge_interfaces__rosidl_typesupport_introspection_c.dir/rosidl_typesupport_introspection_c/franka_pybridge_interfaces/srv/detail/operate_suction__type_support.c.o\x1b[0m\n'}
[6.139226] (franka_pybridge_interfaces) StdoutLine: {'line': b'[ 54%] \x1b[32mBuilding C object CMakeFiles/franka_pybridge_interfaces__rosidl_typesupport_introspection_c.dir/rosidl_typesupport_introspection_c/franka_pybridge_interfaces/msg/detail/joint_data_array__type_support.c.o\x1b[0m\n'}
[6.141449] (franka_pybridge_interfaces) StdoutLine: {'line': b'[ 56%] \x1b[32mBuilding C object CMakeFiles/franka_pybridge_interfaces__rosidl_typesupport_introspection_c.dir/rosidl_typesupport_introspection_c/franka_pybridge_interfaces/srv/detail/execute_plan_log__type_support.c.o\x1b[0m\n'}
[6.151378] (franka_pybridge_interfaces) StdoutLine: {'line': b'[ 57%] \x1b[32mBuilding CXX object CMakeFiles/franka_pybridge_interfaces__rosidl_typesupport_fastrtps_cpp.dir/rosidl_typesupport_fastrtps_cpp/franka_pybridge_interfaces/msg/detail/dds_fastrtps/joint_data_array__type_support.cpp.o\x1b[0m\n'}
[6.153403] (franka_pybridge_interfaces) StdoutLine: {'line': b'[ 59%] \x1b[32mBuilding CXX object CMakeFiles/franka_pybridge_interfaces__rosidl_typesupport_fastrtps_cpp.dir/rosidl_typesupport_fastrtps_cpp/franka_pybridge_interfaces/srv/detail/dds_fastrtps/execute_plan__type_support.cpp.o\x1b[0m\n'}
[6.153957] (franka_pybridge_interfaces) StdoutLine: {'line': b'[ 60%] \x1b[32mBuilding CXX object CMakeFiles/franka_pybridge_interfaces__rosidl_typesupport_fastrtps_cpp.dir/rosidl_typesupport_fastrtps_cpp/franka_pybridge_interfaces/srv/detail/dds_fastrtps/operate_suction__type_support.cpp.o\x1b[0m\n'}
[6.154257] (franka_pybridge_interfaces) StdoutLine: {'line': b'[ 63%] \x1b[32mBuilding CXX object CMakeFiles/franka_pybridge_interfaces__rosidl_typesupport_fastrtps_cpp.dir/rosidl_typesupport_fastrtps_cpp/franka_pybridge_interfaces/srv/detail/dds_fastrtps/get_q__type_support.cpp.o\x1b[0m\n'}
[6.154432] (franka_pybridge_interfaces) StdoutLine: {'line': b'[ 63%] \x1b[32mBuilding CXX object CMakeFiles/franka_pybridge_interfaces__rosidl_typesupport_fastrtps_cpp.dir/rosidl_typesupport_fastrtps_cpp/franka_pybridge_interfaces/srv/detail/dds_fastrtps/execute_plan_log__type_support.cpp.o\x1b[0m\n'}
[6.155735] (franka_pybridge_interfaces) StdoutLine: {'line': b'[ 64%] \x1b[32mBuilding CXX object CMakeFiles/franka_pybridge_interfaces__rosidl_typesupport_fastrtps_cpp.dir/rosidl_typesupport_fastrtps_cpp/franka_pybridge_interfaces/srv/detail/dds_fastrtps/set_load__type_support.cpp.o\x1b[0m\n'}
[6.188517] (franka_pybridge_interfaces) StdoutLine: {'line': b'[ 66%] \x1b[32mBuilding CXX object CMakeFiles/franka_pybridge_interfaces__rosidl_typesupport_fastrtps_c.dir/rosidl_typesupport_fastrtps_c/franka_pybridge_interfaces/msg/detail/joint_data_array__type_support_c.cpp.o\x1b[0m\n'}
[6.189071] (franka_pybridge_interfaces) StdoutLine: {'line': b'[ 67%] \x1b[32mBuilding CXX object CMakeFiles/franka_pybridge_interfaces__rosidl_typesupport_fastrtps_c.dir/rosidl_typesupport_fastrtps_c/franka_pybridge_interfaces/srv/detail/execute_plan__type_support_c.cpp.o\x1b[0m\n'}
[6.190384] (franka_pybridge_interfaces) StdoutLine: {'line': b'[ 69%] \x1b[32mBuilding CXX object CMakeFiles/franka_pybridge_interfaces__rosidl_typesupport_fastrtps_c.dir/rosidl_typesupport_fastrtps_c/franka_pybridge_interfaces/srv/detail/get_q__type_support_c.cpp.o\x1b[0m\n'}
[6.191393] (franka_pybridge_interfaces) StdoutLine: {'line': b'[ 70%] \x1b[32mBuilding CXX object CMakeFiles/franka_pybridge_interfaces__rosidl_typesupport_fastrtps_c.dir/rosidl_typesupport_fastrtps_c/franka_pybridge_interfaces/srv/detail/execute_plan_log__type_support_c.cpp.o\x1b[0m\n'}
[6.191531] (franka_pybridge_interfaces) StdoutLine: {'line': b'[ 71%] \x1b[32mBuilding CXX object CMakeFiles/franka_pybridge_interfaces__rosidl_typesupport_fastrtps_c.dir/rosidl_typesupport_fastrtps_c/franka_pybridge_interfaces/srv/detail/operate_suction__type_support_c.cpp.o\x1b[0m\n'}
[6.192519] (franka_pybridge_interfaces) StdoutLine: {'line': b'[ 73%] \x1b[32mBuilding CXX object CMakeFiles/franka_pybridge_interfaces__rosidl_typesupport_fastrtps_c.dir/rosidl_typesupport_fastrtps_c/franka_pybridge_interfaces/srv/detail/set_load__type_support_c.cpp.o\x1b[0m\n'}
[6.219285] (-) TimerEvent: {}
[6.268266] (franka_pybridge_interfaces) StdoutLine: {'line': b'[ 74%] \x1b[1m\x1b[32mLinking CXX shared library libfranka_pybridge_interfaces__rosidl_typesupport_cpp.so\x1b[0m\n'}
[6.315120] (franka_pybridge_interfaces) StdoutLine: {'line': b'[ 76%] \x1b[1m\x1b[32mLinking C shared library libfranka_pybridge_interfaces__rosidl_typesupport_introspection_c.so\x1b[0m\n'}
[6.319410] (-) TimerEvent: {}
[6.322414] (franka_pybridge_interfaces) StdoutLine: {'line': b'[ 76%] Built target franka_pybridge_interfaces__rosidl_typesupport_cpp\n'}
[6.352328] (franka_pybridge_interfaces) StdoutLine: {'line': b'[ 76%] Built target franka_pybridge_interfaces__rosidl_typesupport_introspection_c\n'}
[6.419540] (-) TimerEvent: {}
[6.519964] (-) TimerEvent: {}
[6.620364] (-) TimerEvent: {}
[6.665447] (franka_pybridge_interfaces) StdoutLine: {'line': b'[ 77%] \x1b[1m\x1b[32mLinking CXX shared library libfranka_pybridge_interfaces__rosidl_typesupport_introspection_cpp.so\x1b[0m\n'}
[6.713422] (franka_pybridge_interfaces) StdoutLine: {'line': b'[ 78%] \x1b[1m\x1b[32mLinking CXX shared library libfranka_pybridge_interfaces__rosidl_typesupport_fastrtps_c.so\x1b[0m\n'}
[6.720442] (-) TimerEvent: {}
[6.744742] (franka_pybridge_interfaces) StdoutLine: {'line': b'[ 78%] Built target franka_pybridge_interfaces__rosidl_typesupport_introspection_cpp\n'}
[6.749124] (franka_pybridge_interfaces) StdoutLine: {'line': b'[ 80%] \x1b[1m\x1b[32mLinking CXX shared library libfranka_pybridge_interfaces__rosidl_typesupport_fastrtps_cpp.so\x1b[0m\n'}
[6.813175] (franka_pybridge_interfaces) StdoutLine: {'line': b'[ 80%] Built target franka_pybridge_interfaces__rosidl_typesupport_fastrtps_c\n'}
[6.820577] (-) TimerEvent: {}
[6.829439] (franka_pybridge_interfaces) StdoutLine: {'line': b'[ 80%] Built target franka_pybridge_interfaces__rosidl_typesupport_fastrtps_cpp\n'}
[6.850078] (franka_pybridge_interfaces) StdoutLine: {'line': b'[ 80%] Built target franka_pybridge_interfaces\n'}
[6.872878] (franka_pybridge_interfaces) StdoutLine: {'line': b'[ 81%] \x1b[1m\x1b[34mGenerating Python code for ROS interfaces\x1b[0m\n'}
[6.920748] (-) TimerEvent: {}
[7.021164] (-) TimerEvent: {}
[7.121804] (-) TimerEvent: {}
[7.222245] (-) TimerEvent: {}
[7.322649] (-) TimerEvent: {}
[7.423093] (-) TimerEvent: {}
[7.523570] (-) TimerEvent: {}
[7.623968] (-) TimerEvent: {}
[7.724371] (-) TimerEvent: {}
[7.824750] (-) TimerEvent: {}
[7.925185] (-) TimerEvent: {}
[8.025690] (-) TimerEvent: {}
[8.126109] (-) TimerEvent: {}
[8.227364] (-) TimerEvent: {}
[8.269852] (franka_pybridge_interfaces) StdoutLine: {'line': b'[ 81%] Built target franka_pybridge_interfaces__py\n'}
[8.290691] (franka_pybridge_interfaces) StdoutLine: {'line': b'[ 83%] \x1b[32mBuilding C object CMakeFiles/franka_pybridge_interfaces__rosidl_generator_py.dir/rosidl_generator_py/franka_pybridge_interfaces/srv/_get_q_s.c.o\x1b[0m\n'}
[8.292093] (franka_pybridge_interfaces) StdoutLine: {'line': b'[ 84%] \x1b[32mBuilding C object CMakeFiles/franka_pybridge_interfaces__rosidl_generator_py.dir/rosidl_generator_py/franka_pybridge_interfaces/srv/_execute_plan_log_s.c.o\x1b[0m\n'}
[8.292552] (franka_pybridge_interfaces) StdoutLine: {'line': b'[ 85%] \x1b[32mBuilding C object CMakeFiles/franka_pybridge_interfaces__rosidl_generator_py.dir/rosidl_generator_py/franka_pybridge_interfaces/srv/_execute_plan_s.c.o\x1b[0m\n'}
[8.292859] (franka_pybridge_interfaces) StdoutLine: {'line': b'[ 87%] \x1b[32mBuilding C object CMakeFiles/franka_pybridge_interfaces__rosidl_generator_py.dir/rosidl_generator_py/franka_pybridge_interfaces/msg/_joint_data_array_s.c.o\x1b[0m\n'}
[8.294416] (franka_pybridge_interfaces) StdoutLine: {'line': b'[ 90%] \x1b[32mBuilding C object CMakeFiles/franka_pybridge_interfaces__rosidl_generator_py.dir/rosidl_generator_py/franka_pybridge_interfaces/srv/_set_load_s.c.o\x1b[0m\n'}
[8.294630] (franka_pybridge_interfaces) StdoutLine: {'line': b'[ 90%] \x1b[32mBuilding C object CMakeFiles/franka_pybridge_interfaces__rosidl_generator_py.dir/rosidl_generator_py/franka_pybridge_interfaces/srv/_operate_suction_s.c.o\x1b[0m\n'}
[8.327485] (-) TimerEvent: {}
[8.427889] (-) TimerEvent: {}
[8.528328] (-) TimerEvent: {}
[8.545662] (franka_pybridge_interfaces) StdoutLine: {'line': b'[ 91%] \x1b[1m\x1b[32mLinking C shared library rosidl_generator_py/franka_pybridge_interfaces/libfranka_pybridge_interfaces__rosidl_generator_py.so\x1b[0m\n'}
[8.590190] (franka_pybridge_interfaces) StdoutLine: {'line': b'[ 91%] Built target franka_pybridge_interfaces__rosidl_generator_py\n'}
[8.607107] (franka_pybridge_interfaces) StdoutLine: {'line': b'[ 92%] \x1b[32mBuilding C object CMakeFiles/franka_pybridge_interfaces__rosidl_typesupport_fastrtps_c__pyext.dir/rosidl_generator_py/franka_pybridge_interfaces/_franka_pybridge_interfaces_s.ep.rosidl_typesupport_fastrtps_c.c.o\x1b[0m\n'}
[8.610261] (franka_pybridge_interfaces) StdoutLine: {'line': b'[ 94%] \x1b[32mBuilding C object CMakeFiles/franka_pybridge_interfaces__rosidl_typesupport_introspection_c__pyext.dir/rosidl_generator_py/franka_pybridge_interfaces/_franka_pybridge_interfaces_s.ep.rosidl_typesupport_introspection_c.c.o\x1b[0m\n'}
[8.611869] (franka_pybridge_interfaces) StdoutLine: {'line': b'[ 95%] \x1b[32mBuilding C object CMakeFiles/franka_pybridge_interfaces__rosidl_typesupport_c__pyext.dir/rosidl_generator_py/franka_pybridge_interfaces/_franka_pybridge_interfaces_s.ep.rosidl_typesupport_c.c.o\x1b[0m\n'}
[8.628468] (-) TimerEvent: {}
[8.728878] (-) TimerEvent: {}
[8.741889] (franka_pybridge_interfaces) StdoutLine: {'line': b'[ 97%] \x1b[1m\x1b[32mLinking C shared library rosidl_generator_py/franka_pybridge_interfaces/franka_pybridge_interfaces_s__rosidl_typesupport_introspection_c.cpython-310-x86_64-linux-gnu.so\x1b[0m\n'}
[8.743166] (franka_pybridge_interfaces) StdoutLine: {'line': b'[ 98%] \x1b[1m\x1b[32mLinking C shared library rosidl_generator_py/franka_pybridge_interfaces/franka_pybridge_interfaces_s__rosidl_typesupport_fastrtps_c.cpython-310-x86_64-linux-gnu.so\x1b[0m\n'}
[8.746408] (franka_pybridge_interfaces) StdoutLine: {'line': b'[100%] \x1b[1m\x1b[32mLinking C shared library rosidl_generator_py/franka_pybridge_interfaces/franka_pybridge_interfaces_s__rosidl_typesupport_c.cpython-310-x86_64-linux-gnu.so\x1b[0m\n'}
[8.775443] (franka_pybridge_interfaces) StdoutLine: {'line': b'[100%] Built target franka_pybridge_interfaces__rosidl_typesupport_introspection_c__pyext\n'}
[8.781152] (franka_pybridge_interfaces) StdoutLine: {'line': b'[100%] Built target franka_pybridge_interfaces__rosidl_typesupport_fastrtps_c__pyext\n'}
[8.782405] (franka_pybridge_interfaces) StdoutLine: {'line': b'[100%] Built target franka_pybridge_interfaces__rosidl_typesupport_c__pyext\n'}
[8.793108] (franka_pybridge_interfaces) CommandEnded: {'returncode': 0}
[8.794361] (franka_pybridge_interfaces) JobProgress: {'identifier': 'franka_pybridge_interfaces', 'progress': 'install'}
[8.828978] (-) TimerEvent: {}
[8.891428] (franka_pybridge_interfaces) Command: {'cmd': ['/opt/conda/envs/ilab/bin/cmake', '--install', '/home/jaydv/code/robopen_research/ros2_ws/build/franka_pybridge_interfaces'], 'cwd': '/home/jaydv/code/robopen_research/ros2_ws/build/franka_pybridge_interfaces', 'env': OrderedDict([('GJS_DEBUG_TOPICS', 'JS ERROR;JS LOG'), ('PYTHON_BASIC_REPL', '1'), ('LESSOPEN', '| /usr/bin/lesspipe %s'), ('CONDA_PROMPT_MODIFIER', '(ilab)'), ('USER', 'jaydv'), ('XDG_SESSION_TYPE', 'x11'), ('GIT_ASKPASS', '/usr/share/code-insiders/resources/app/extensions/git/dist/askpass.sh'), ('DATA', '/mnt/laptop/collected_data/proximity_learning'), ('SHLVL', '1'), ('LD_LIBRARY_PATH', '/opt/ros/humble/opt/rviz_ogre_vendor/lib:/opt/ros/humble/lib/x86_64-linux-gnu:/opt/ros/humble/lib:/home/jaydv/.mujoco/mujoco210/bin:/usr/lib/nvidia'), ('HOME', '/home/jaydv'), ('CHROME_DESKTOP', 'code-insiders.desktop'), ('CONDA_SHLVL', '2'), ('OLDPWD', '/home/jaydv/code/robopen_research'), ('TERM_PROGRAM_VERSION', '1.110.0-insider'), ('DESKTOP_SESSION', 'ubuntu'), ('GIO_LAUNCHED_DESKTOP_FILE', '/usr/share/applications/code-insiders.desktop'), ('ROS_PYTHON_VERSION', '3'), ('GNOME_SHELL_SESSION_MODE', 'ubuntu'), ('GTK_MODULES', 'gail:atk-bridge'), ('GK_GL_PATH', '/tmp/gitkraken/gitlens/gitlens-ipc-server-370473-44997.json'), ('VSCODE_GIT_ASKPASS_MAIN', '/usr/share/code-insiders/resources/app/extensions/git/dist/askpass-main.js'), ('VSCODE_GIT_ASKPASS_NODE', '/usr/share/code-insiders/code-insiders'), ('MANAGERPID', '4143'), ('PYDEVD_DISABLE_FILE_VALIDATION', '1'), ('SYSTEMD_EXEC_PID', '4412'), ('BUNDLED_DEBUGPY_PATH', '/home/jaydv/.vscode-insiders/extensions/ms-python.debugpy-2025.19.2026021801-linux-x64/bundled/libs/debugpy'), ('VSCODE_PYTHON_AUTOACTIVATE_GUARD', '1'), ('DBUS_SESSION_BUS_ADDRESS', 'unix:path=/run/user/1001/bus'), ('COLORTERM', 'truecolor'), ('_CE_M', ''), ('GIO_LAUNCHED_DESKTOP_FILE_PID', '370473'), ('ROS_DISTRO', 'humble'), ('GTK_IM_MODULE', 'ibus'), ('LOGNAME', 'jaydv'), ('JOURNAL_STREAM', '8:25366'), ('_', '/usr/bin/colcon'), ('ROS_VERSION', '2'), ('XDG_SESSION_CLASS', 'user'), ('USERNAME', 'jaydv'), ('TERM', 'xterm-256color'), ('GNOME_DESKTOP_SESSION_ID', 'this-is-deprecated'), ('_CE_CONDA', ''), ('FC_FONTATIONS', '1'), ('ROS_LOCALHOST_ONLY', '0'), ('WINDOWPATH', '2'), ('PATH', '/opt/ros/humble/bin:/home/jaydv/.mujoco/mujoco210/bin:/usr/lib/nvidia:/opt/conda/envs/ilab/bin:/opt/conda/condabin:/home/jaydv/.config/Code - Insiders/User/globalStorage/github.copilot-chat/debugCommand:/home/jaydv/.config/Code - Insiders/User/globalStorage/github.copilot-chat/copilotCli:/home/jaydv/.cargo/bin:/home/jaydv/.local/bin:/usr/local/sbin:/usr/local/bin:/usr/sbin:/usr/bin:/sbin:/bin:/usr/games:/usr/local/games:/snap/bin:/snap/bin:/home/jaydv/.vscode-insiders/extensions/ms-python.debugpy-2025.19.2026021801-linux-x64/bundled/scripts/noConfigScripts'), ('SESSION_MANAGER', 'local/batman:@/tmp/.ICE-unix/4389,unix/batman:/tmp/.ICE-unix/4389'), ('INVOCATION_ID', 'e2d675680a7544b59f69fb36723cfcb3'), ('XDG_MENU_PREFIX', 'gnome-'), ('XDG_RUNTIME_DIR', '/run/user/1001'), ('GDK_BACKEND', 'x11'), ('DISPLAY', ':1'), ('VSCODE_DEBUGPY_ADAPTER_ENDPOINTS', '/home/jaydv/.vscode-insiders/extensions/ms-python.debugpy-2025.19.2026021801-linux-x64/.noConfigDebugAdapterEndpoints/endpoint-7172946645596d2e.txt'), ('LD_PRELOAD', '/usr/lib/x86_64-linux-gnu/libstdc++.so.6'), ('LANG', 'en_US.UTF-8'), ('XDG_CURRENT_DESKTOP', 'ubuntu:GNOME'), ('PYTHONSTARTUP', '/home/jaydv/.config/Code - Insiders/User/workspaceStorage/527a9bc5cc1e816dbde29246993970d9/ms-python.python/pythonrc.py'), ('CONDA_PREFIX_1', '/opt/conda'), ('XMODIFIERS', '@im=ibus'), ('XDG_SESSION_DESKTOP', 'ubuntu'), ('XAUTHORITY', '/run/user/1001/gdm/Xauthority'), ('LS_COLORS', 'rs=0:di=01;34:ln=01;36:mh=00:pi=40;33:so=01;35:do=01;35:bd=40;33;01:cd=40;33;01:or=40;31;01:mi=00:su=37;41:sg=30;43:ca=30;41:tw=30;42:ow=34;42:st=37;44:ex=01;32:*.tar=01;31:*.tgz=01;31:*.arc=01;31:*.arj=01;31:*.taz=01;31:*.lha=01;31:*.lz4=01;31:*.lzh=01;31:*.lzma=01;31:*.tlz=01;31:*.txz=01;31:*.tzo=01;31:*.t7z=01;31:*.zip=01;31:*.z=01;31:*.dz=01;31:*.gz=01;31:*.lrz=01;31:*.lz=01;31:*.lzo=01;31:*.xz=01;31:*.zst=01;31:*.tzst=01;31:*.bz2=01;31:*.bz=01;31:*.tbz=01;31:*.tbz2=01;31:*.tz=01;31:*.deb=01;31:*.rpm=01;31:*.jar=01;31:*.war=01;31:*.ear=01;31:*.sar=01;31:*.rar=01;31:*.alz=01;31:*.ace=01;31:*.zoo=01;31:*.cpio=01;31:*.7z=01;31:*.rz=01;31:*.cab=01;31:*.wim=01;31:*.swm=01;31:*.dwm=01;31:*.esd=01;31:*.jpg=01;35:*.jpeg=01;35:*.mjpg=01;35:*.mjpeg=01;35:*.gif=01;35:*.bmp=01;35:*.pbm=01;35:*.pgm=01;35:*.ppm=01;35:*.tga=01;35:*.xbm=01;35:*.xpm=01;35:*.tif=01;35:*.tiff=01;35:*.png=01;35:*.svg=01;35:*.svgz=01;35:*.mng=01;35:*.pcx=01;35:*.mov=01;35:*.mpg=01;35:*.mpeg=01;35:*.m2v=01;35:*.mkv=01;35:*.webm=01;35:*.webp=01;35:*.ogm=01;35:*.mp4=01;35:*.m4v=01;35:*.mp4v=01;35:*.vob=01;35:*.qt=01;35:*.nuv=01;35:*.wmv=01;35:*.asf=01;35:*.rm=01;35:*.rmvb=01;35:*.flc=01;35:*.avi=01;35:*.fli=01;35:*.flv=01;35:*.gl=01;35:*.dl=01;35:*.xcf=01;35:*.xwd=01;35:*.yuv=01;35:*.cgm=01;35:*.emf=01;35:*.ogv=01;35:*.ogx=01;35:*.aac=00;36:*.au=00;36:*.flac=00;36:*.m4a=00;36:*.mid=00;36:*.midi=00;36:*.mka=00;36:*.mp3=00;36:*.mpc=00;36:*.ogg=00;36:*.ra=00;36:*.wav=00;36:*.oga=00;36:*.opus=00;36:*.spx=00;36:*.xspf=00;36:'), ('VSCODE_GIT_IPC_HANDLE', '/run/user/1001/vscode-git-2b9838cdfc.sock'), ('TERM_PROGRAM', 'vscode'), ('SSH_AGENT_LAUNCHER', 'gnome-keyring'), ('SSH_AUTH_SOCK', '/run/user/1001/keyring/ssh'), ('AMENT_PREFIX_PATH', '/opt/ros/humble'), ('CONDA_PYTHON_EXE', '/opt/conda/bin/python'), ('SHELL', '/bin/bash'), ('QT_ACCESSIBILITY', '1'), ('GDMSESSION', 'ubuntu'), ('LESSCLOSE', '/usr/bin/lesspipe %s %s'), ('CONDA_DEFAULT_ENV', 'ilab'), ('GK_GL_ADDR', 'http://127.0.0.1:44997'), ('GPG_AGENT_INFO', '/run/user/1001/gnupg/S.gpg-agent:0:1'), ('GJS_DEBUG_OUTPUT', 'stderr'), ('VSCODE_GIT_ASKPASS_EXTRA_ARGS', ''), ('QT_IM_MODULE', 'ibus'), ('PWD', '/home/jaydv/code/robopen_research/ros2_ws/build/franka_pybridge_interfaces'), ('LC_ALL', 'en_US.UTF-8'), ('XDG_CONFIG_DIRS', '/etc/xdg/xdg-ubuntu:/etc/xdg'), ('CONDA_EXE', '/opt/conda/bin/conda'), ('XDG_DATA_DIRS', '/usr/share/ubuntu:/usr/share/gnome:/home/jaydv/.local/share/flatpak/exports/share:/var/lib/flatpak/exports/share:/usr/local/share/:/usr/share/:/var/lib/snapd/desktop'), ('PYTHONPATH', '/opt/ros/humble/lib/python3.10/site-packages:/opt/ros/humble/local/lib/python3.10/dist-packages'), ('CONDA_PREFIX', '/opt/conda/envs/ilab'), ('COLCON', '1'), ('CMAKE_PREFIX_PATH', '/opt/ros/humble')]), 'shell': False}
[8.929134] (-) TimerEvent: {}
[8.985835] (franka_pybridge_interfaces) StdoutLine: {'line': b'-- Install configuration: ""\n'}
[8.986128] (franka_pybridge_interfaces) StdoutLine: {'line': b'-- Installing: /home/jaydv/code/robopen_research/ros2_ws/install/franka_pybridge_interfaces/share/ament_index/resource_index/rosidl_interfaces/franka_pybridge_interfaces\n'}
[8.986284] (franka_pybridge_interfaces) StdoutLine: {'line': b'-- Installing: /home/jaydv/code/robopen_research/ros2_ws/install/franka_pybridge_interfaces/include/franka_pybridge_interfaces/franka_pybridge_interfaces\n'}
[8.986420] (franka_pybridge_interfaces) StdoutLine: {'line': b'-- Installing: /home/jaydv/code/robopen_research/ros2_ws/install/franka_pybridge_interfaces/include/franka_pybridge_interfaces/franka_pybridge_interfaces/srv\n'}
[8.986542] (franka_pybridge_interfaces) StdoutLine: {'line': b'-- Installing: /home/jaydv/code/robopen_research/ros2_ws/install/franka_pybridge_interfaces/include/franka_pybridge_interfaces/franka_pybridge_interfaces/srv/detail\n'}
[8.986667] (franka_pybridge_interfaces) StdoutLine: {'line': b'-- Installing: /home/jaydv/code/robopen_research/ros2_ws/install/franka_pybridge_interfaces/include/franka_pybridge_interfaces/franka_pybridge_interfaces/srv/detail/get_q__functions.h\n'}
[8.986894] (franka_pybridge_interfaces) StdoutLine: {'line': b'-- Installing: /home/jaydv/code/robopen_research/ros2_ws/install/franka_pybridge_interfaces/include/franka_pybridge_interfaces/franka_pybridge_interfaces/srv/detail/execute_plan__functions.h\n'}
[8.987101] (franka_pybridge_interfaces) StdoutLine: {'line': b'-- Installing: /home/jaydv/code/robopen_research/ros2_ws/install/franka_pybridge_interfaces/include/franka_pybridge_interfaces/franka_pybridge_interfaces/srv/detail/execute_plan_log__type_support.h\n'}
[8.987306] (franka_pybridge_interfaces) StdoutLine: {'line': b'-- Installing: /home/jaydv/code/robopen_research/ros2_ws/install/franka_pybridge_interfaces/include/franka_pybridge_interfaces/franka_pybridge_interfaces/srv/detail/operate_suction__type_support.h\n'}
[8.987496] (franka_pybridge_interfaces) StdoutLine: {'line': b'-- Installing: /home/jaydv/code/robopen_research/ros2_ws/install/franka_pybridge_interfaces/include/franka_pybridge_interfaces/franka_pybridge_interfaces/srv/detail/operate_suction__functions.c\n'}
[8.987705] (franka_pybridge_interfaces) StdoutLine: {'line': b'-- Installing: /home/jaydv/code/robopen_research/ros2_ws/install/franka_pybridge_interfaces/include/franka_pybridge_interfaces/franka_pybridge_interfaces/srv/detail/set_load__type_support.h\n'}
[8.987892] (franka_pybridge_interfaces) StdoutLine: {'line': b'-- Installing: /home/jaydv/code/robopen_research/ros2_ws/install/franka_pybridge_interfaces/include/franka_pybridge_interfaces/franka_pybridge_interfaces/srv/detail/operate_suction__struct.h\n'}
[8.988082] (franka_pybridge_interfaces) StdoutLine: {'line': b'-- Installing: /home/jaydv/code/robopen_research/ros2_ws/install/franka_pybridge_interfaces/include/franka_pybridge_interfaces/franka_pybridge_interfaces/srv/detail/set_load__struct.h\n'}
[8.988287] (franka_pybridge_interfaces) StdoutLine: {'line': b'-- Installing: /home/jaydv/code/robopen_research/ros2_ws/install/franka_pybridge_interfaces/include/franka_pybridge_interfaces/franka_pybridge_interfaces/srv/detail/execute_plan__type_support.h\n'}
[8.988477] (franka_pybridge_interfaces) StdoutLine: {'line': b'-- Installing: /home/jaydv/code/robopen_research/ros2_ws/install/franka_pybridge_interfaces/include/franka_pybridge_interfaces/franka_pybridge_interfaces/srv/detail/execute_plan_log__functions.c\n'}
[8.988729] (franka_pybridge_interfaces) StdoutLine: {'line': b'-- Installing: /home/jaydv/code/robopen_research/ros2_ws/install/franka_pybridge_interfaces/include/franka_pybridge_interfaces/franka_pybridge_interfaces/srv/detail/operate_suction__functions.h\n'}
[8.989035] (franka_pybridge_interfaces) StdoutLine: {'line': b'-- Installing: /home/jaydv/code/robopen_research/ros2_ws/install/franka_pybridge_interfaces/include/franka_pybridge_interfaces/franka_pybridge_interfaces/srv/detail/execute_plan__struct.h\n'}
[8.989233] (franka_pybridge_interfaces) StdoutLine: {'line': b'-- Installing: /home/jaydv/code/robopen_research/ros2_ws/install/franka_pybridge_interfaces/include/franka_pybridge_interfaces/franka_pybridge_interfaces/srv/detail/set_load__functions.c\n'}
[8.989447] (franka_pybridge_interfaces) StdoutLine: {'line': b'-- Installing: /home/jaydv/code/robopen_research/ros2_ws/install/franka_pybridge_interfaces/include/franka_pybridge_interfaces/franka_pybridge_interfaces/srv/detail/execute_plan_log__functions.h\n'}
[8.989665] (franka_pybridge_interfaces) StdoutLine: {'line': b'-- Installing: /home/jaydv/code/robopen_research/ros2_ws/install/franka_pybridge_interfaces/include/franka_pybridge_interfaces/franka_pybridge_interfaces/srv/detail/set_load__functions.h\n'}
[8.989874] (franka_pybridge_interfaces) StdoutLine: {'line': b'-- Installing: /home/jaydv/code/robopen_research/ros2_ws/install/franka_pybridge_interfaces/include/franka_pybridge_interfaces/franka_pybridge_interfaces/srv/detail/get_q__struct.h\n'}
[8.990068] (franka_pybridge_interfaces) StdoutLine: {'line': b'-- Installing: /home/jaydv/code/robopen_research/ros2_ws/install/franka_pybridge_interfaces/include/franka_pybridge_interfaces/franka_pybridge_interfaces/srv/detail/execute_plan_log__struct.h\n'}
[8.990273] (franka_pybridge_interfaces) StdoutLine: {'line': b'-- Installing: /home/jaydv/code/robopen_research/ros2_ws/install/franka_pybridge_interfaces/include/franka_pybridge_interfaces/franka_pybridge_interfaces/srv/detail/get_q__functions.c\n'}
[8.990481] (franka_pybridge_interfaces) StdoutLine: {'line': b'-- Installing: /home/jaydv/code/robopen_research/ros2_ws/install/franka_pybridge_interfaces/include/franka_pybridge_interfaces/franka_pybridge_interfaces/srv/detail/execute_plan__functions.c\n'}
[8.990699] (franka_pybridge_interfaces) StdoutLine: {'line': b'-- Installing: /home/jaydv/code/robopen_research/ros2_ws/install/franka_pybridge_interfaces/include/franka_pybridge_interfaces/franka_pybridge_interfaces/srv/detail/get_q__type_support.h\n'}
[8.990933] (franka_pybridge_interfaces) StdoutLine: {'line': b'-- Installing: /home/jaydv/code/robopen_research/ros2_ws/install/franka_pybridge_interfaces/include/franka_pybridge_interfaces/franka_pybridge_interfaces/srv/execute_plan_log.h\n'}
[8.991159] (franka_pybridge_interfaces) StdoutLine: {'line': b'-- Installing: /home/jaydv/code/robopen_research/ros2_ws/install/franka_pybridge_interfaces/include/franka_pybridge_interfaces/franka_pybridge_interfaces/srv/operate_suction.h\n'}
[8.991407] (franka_pybridge_interfaces) StdoutLine: {'line': b'-- Installing: /home/jaydv/code/robopen_research/ros2_ws/install/franka_pybridge_interfaces/include/franka_pybridge_interfaces/franka_pybridge_interfaces/srv/get_q.h\n'}
[8.991566] (franka_pybridge_interfaces) StdoutLine: {'line': b'-- Installing: /home/jaydv/code/robopen_research/ros2_ws/install/franka_pybridge_interfaces/include/franka_pybridge_interfaces/franka_pybridge_interfaces/srv/set_load.h\n'}
[8.991726] (franka_pybridge_interfaces) StdoutLine: {'line': b'-- Installing: /home/jaydv/code/robopen_research/ros2_ws/install/franka_pybridge_interfaces/include/franka_pybridge_interfaces/franka_pybridge_interfaces/srv/execute_plan.h\n'}
[8.991905] (franka_pybridge_interfaces) StdoutLine: {'line': b'-- Installing: /home/jaydv/code/robopen_research/ros2_ws/install/franka_pybridge_interfaces/include/franka_pybridge_interfaces/franka_pybridge_interfaces/msg\n'}
[8.992064] (franka_pybridge_interfaces) StdoutLine: {'line': b'-- Installing: /home/jaydv/code/robopen_research/ros2_ws/install/franka_pybridge_interfaces/include/franka_pybridge_interfaces/franka_pybridge_interfaces/msg/detail\n'}
[8.992187] (franka_pybridge_interfaces) StdoutLine: {'line': b'-- Installing: /home/jaydv/code/robopen_research/ros2_ws/install/franka_pybridge_interfaces/include/franka_pybridge_interfaces/franka_pybridge_interfaces/msg/detail/joint_data_array__type_support.h\n'}
[8.992399] (franka_pybridge_interfaces) StdoutLine: {'line': b'-- Installing: /home/jaydv/code/robopen_research/ros2_ws/install/franka_pybridge_interfaces/include/franka_pybridge_interfaces/franka_pybridge_interfaces/msg/detail/joint_data_array__functions.c\n'}
[8.992552] (franka_pybridge_interfaces) StdoutLine: {'line': b'-- Installing: /home/jaydv/code/robopen_research/ros2_ws/install/franka_pybridge_interfaces/include/franka_pybridge_interfaces/franka_pybridge_interfaces/msg/detail/joint_data_array__functions.h\n'}
[8.992675] (franka_pybridge_interfaces) StdoutLine: {'line': b'-- Installing: /home/jaydv/code/robopen_research/ros2_ws/install/franka_pybridge_interfaces/include/franka_pybridge_interfaces/franka_pybridge_interfaces/msg/detail/joint_data_array__struct.h\n'}
[8.992839] (franka_pybridge_interfaces) StdoutLine: {'line': b'-- Installing: /home/jaydv/code/robopen_research/ros2_ws/install/franka_pybridge_interfaces/include/franka_pybridge_interfaces/franka_pybridge_interfaces/msg/joint_data_array.h\n'}
[8.993011] (franka_pybridge_interfaces) StdoutLine: {'line': b'-- Installing: /home/jaydv/code/robopen_research/ros2_ws/install/franka_pybridge_interfaces/include/franka_pybridge_interfaces/franka_pybridge_interfaces/msg/rosidl_generator_c__visibility_control.h\n'}
[8.993314] (franka_pybridge_interfaces) StdoutLine: {'line': b'-- Installing: /home/jaydv/code/robopen_research/ros2_ws/install/franka_pybridge_interfaces/share/franka_pybridge_interfaces/environment/library_path.sh\n'}
[8.993751] (franka_pybridge_interfaces) StdoutLine: {'line': b'-- Installing: /home/jaydv/code/robopen_research/ros2_ws/install/franka_pybridge_interfaces/share/franka_pybridge_interfaces/environment/library_path.dsv\n'}
[8.994243] (franka_pybridge_interfaces) StdoutLine: {'line': b'-- Installing: /home/jaydv/code/robopen_research/ros2_ws/install/franka_pybridge_interfaces/lib/libfranka_pybridge_interfaces__rosidl_generator_c.so\n'}
[8.994872] (franka_pybridge_interfaces) StdoutLine: {'line': b'-- Set non-toolchain portion of runtime path of "/home/jaydv/code/robopen_research/ros2_ws/install/franka_pybridge_interfaces/lib/libfranka_pybridge_interfaces__rosidl_generator_c.so" to ""\n'}
[8.995106] (franka_pybridge_interfaces) StdoutLine: {'line': b'-- Up-to-date: /home/jaydv/code/robopen_research/ros2_ws/install/franka_pybridge_interfaces/include/franka_pybridge_interfaces/franka_pybridge_interfaces\n'}
[8.995385] (franka_pybridge_interfaces) StdoutLine: {'line': b'-- Up-to-date: /home/jaydv/code/robopen_research/ros2_ws/install/franka_pybridge_interfaces/include/franka_pybridge_interfaces/franka_pybridge_interfaces/srv\n'}
[8.995571] (franka_pybridge_interfaces) StdoutLine: {'line': b'-- Up-to-date: /home/jaydv/code/robopen_research/ros2_ws/install/franka_pybridge_interfaces/include/franka_pybridge_interfaces/franka_pybridge_interfaces/srv/detail\n'}
[8.995730] (franka_pybridge_interfaces) StdoutLine: {'line': b'-- Installing: /home/jaydv/code/robopen_research/ros2_ws/install/franka_pybridge_interfaces/include/franka_pybridge_interfaces/franka_pybridge_interfaces/srv/detail/operate_suction__rosidl_typesupport_fastrtps_c.h\n'}
[8.995958] (franka_pybridge_interfaces) StdoutLine: {'line': b'-- Installing: /home/jaydv/code/robopen_research/ros2_ws/install/franka_pybridge_interfaces/include/franka_pybridge_interfaces/franka_pybridge_interfaces/srv/detail/execute_plan_log__rosidl_typesupport_fastrtps_c.h\n'}
[8.996170] (franka_pybridge_interfaces) StdoutLine: {'line': b'-- Installing: /home/jaydv/code/robopen_research/ros2_ws/install/franka_pybridge_interfaces/include/franka_pybridge_interfaces/franka_pybridge_interfaces/srv/detail/set_load__rosidl_typesupport_fastrtps_c.h\n'}
[8.996342] (franka_pybridge_interfaces) StdoutLine: {'line': b'-- Installing: /home/jaydv/code/robopen_research/ros2_ws/install/franka_pybridge_interfaces/include/franka_pybridge_interfaces/franka_pybridge_interfaces/srv/detail/get_q__rosidl_typesupport_fastrtps_c.h\n'}
[8.996461] (franka_pybridge_interfaces) StdoutLine: {'line': b'-- Installing: /home/jaydv/code/robopen_research/ros2_ws/install/franka_pybridge_interfaces/include/franka_pybridge_interfaces/franka_pybridge_interfaces/srv/detail/execute_plan__rosidl_typesupport_fastrtps_c.h\n'}
[8.996596] (franka_pybridge_interfaces) StdoutLine: {'line': b'-- Up-to-date: /home/jaydv/code/robopen_research/ros2_ws/install/franka_pybridge_interfaces/include/franka_pybridge_interfaces/franka_pybridge_interfaces/msg\n'}
[8.996730] (franka_pybridge_interfaces) StdoutLine: {'line': b'-- Up-to-date: /home/jaydv/code/robopen_research/ros2_ws/install/franka_pybridge_interfaces/include/franka_pybridge_interfaces/franka_pybridge_interfaces/msg/detail\n'}
[8.996863] (franka_pybridge_interfaces) StdoutLine: {'line': b'-- Installing: /home/jaydv/code/robopen_research/ros2_ws/install/franka_pybridge_interfaces/include/franka_pybridge_interfaces/franka_pybridge_interfaces/msg/detail/joint_data_array__rosidl_typesupport_fastrtps_c.h\n'}
[8.997032] (franka_pybridge_interfaces) StdoutLine: {'line': b'-- Installing: /home/jaydv/code/robopen_research/ros2_ws/install/franka_pybridge_interfaces/include/franka_pybridge_interfaces/franka_pybridge_interfaces/msg/rosidl_typesupport_fastrtps_c__visibility_control.h\n'}
[8.997166] (franka_pybridge_interfaces) StdoutLine: {'line': b'-- Installing: /home/jaydv/code/robopen_research/ros2_ws/install/franka_pybridge_interfaces/lib/libfranka_pybridge_interfaces__rosidl_typesupport_fastrtps_c.so\n'}
[8.997407] (franka_pybridge_interfaces) StdoutLine: {'line': b'-- Set non-toolchain portion of runtime path of "/home/jaydv/code/robopen_research/ros2_ws/install/franka_pybridge_interfaces/lib/libfranka_pybridge_interfaces__rosidl_typesupport_fastrtps_c.so" to ""\n'}
[8.997642] (franka_pybridge_interfaces) StdoutLine: {'line': b'-- Up-to-date: /home/jaydv/code/robopen_research/ros2_ws/install/franka_pybridge_interfaces/include/franka_pybridge_interfaces/franka_pybridge_interfaces\n'}
[8.997786] (franka_pybridge_interfaces) StdoutLine: {'line': b'-- Up-to-date: /home/jaydv/code/robopen_research/ros2_ws/install/franka_pybridge_interfaces/include/franka_pybridge_interfaces/franka_pybridge_interfaces/srv\n'}
[8.997917] (franka_pybridge_interfaces) StdoutLine: {'line': b'-- Up-to-date: /home/jaydv/code/robopen_research/ros2_ws/install/franka_pybridge_interfaces/include/franka_pybridge_interfaces/franka_pybridge_interfaces/srv/detail\n'}
[8.998033] (franka_pybridge_interfaces) StdoutLine: {'line': b'-- Installing: /home/jaydv/code/robopen_research/ros2_ws/install/franka_pybridge_interfaces/include/franka_pybridge_interfaces/franka_pybridge_interfaces/srv/detail/get_q__type_support.c\n'}
[8.998150] (franka_pybridge_interfaces) StdoutLine: {'line': b'-- Installing: /home/jaydv/code/robopen_research/ros2_ws/install/franka_pybridge_interfaces/include/franka_pybridge_interfaces/franka_pybridge_interfaces/srv/detail/execute_plan__type_support.c\n'}
[8.998334] (franka_pybridge_interfaces) StdoutLine: {'line': b'-- Installing: /home/jaydv/code/robopen_research/ros2_ws/install/franka_pybridge_interfaces/include/franka_pybridge_interfaces/franka_pybridge_interfaces/srv/detail/operate_suction__rosidl_typesupport_introspection_c.h\n'}
[8.998472] (franka_pybridge_interfaces) StdoutLine: {'line': b'-- Installing: /home/jaydv/code/robopen_research/ros2_ws/install/franka_pybridge_interfaces/include/franka_pybridge_interfaces/franka_pybridge_interfaces/srv/detail/set_load__rosidl_typesupport_introspection_c.h\n'}
[8.998590] (franka_pybridge_interfaces) StdoutLine: {'line': b'-- Installing: /home/jaydv/code/robopen_research/ros2_ws/install/franka_pybridge_interfaces/include/franka_pybridge_interfaces/franka_pybridge_interfaces/srv/detail/get_q__rosidl_typesupport_introspection_c.h\n'}
[8.998707] (franka_pybridge_interfaces) StdoutLine: {'line': b'-- Installing: /home/jaydv/code/robopen_research/ros2_ws/install/franka_pybridge_interfaces/include/franka_pybridge_interfaces/franka_pybridge_interfaces/srv/detail/operate_suction__type_support.c\n'}
[8.998882] (franka_pybridge_interfaces) StdoutLine: {'line': b'-- Installing: /home/jaydv/code/robopen_research/ros2_ws/install/franka_pybridge_interfaces/include/franka_pybridge_interfaces/franka_pybridge_interfaces/srv/detail/set_load__type_support.c\n'}
[8.998998] (franka_pybridge_interfaces) StdoutLine: {'line': b'-- Installing: /home/jaydv/code/robopen_research/ros2_ws/install/franka_pybridge_interfaces/include/franka_pybridge_interfaces/franka_pybridge_interfaces/srv/detail/execute_plan__rosidl_typesupport_introspection_c.h\n'}
[8.999105] (franka_pybridge_interfaces) StdoutLine: {'line': b'-- Installing: /home/jaydv/code/robopen_research/ros2_ws/install/franka_pybridge_interfaces/include/franka_pybridge_interfaces/franka_pybridge_interfaces/srv/detail/execute_plan_log__type_support.c\n'}
[8.999332] (franka_pybridge_interfaces) StdoutLine: {'line': b'-- Installing: /home/jaydv/code/robopen_research/ros2_ws/install/franka_pybridge_interfaces/include/franka_pybridge_interfaces/franka_pybridge_interfaces/srv/detail/execute_plan_log__rosidl_typesupport_introspection_c.h\n'}
[8.999496] (franka_pybridge_interfaces) StdoutLine: {'line': b'-- Up-to-date: /home/jaydv/code/robopen_research/ros2_ws/install/franka_pybridge_interfaces/include/franka_pybridge_interfaces/franka_pybridge_interfaces/msg\n'}
[8.999663] (franka_pybridge_interfaces) StdoutLine: {'line': b'-- Up-to-date: /home/jaydv/code/robopen_research/ros2_ws/install/franka_pybridge_interfaces/include/franka_pybridge_interfaces/franka_pybridge_interfaces/msg/detail\n'}
[8.999780] (franka_pybridge_interfaces) StdoutLine: {'line': b'-- Installing: /home/jaydv/code/robopen_research/ros2_ws/install/franka_pybridge_interfaces/include/franka_pybridge_interfaces/franka_pybridge_interfaces/msg/detail/joint_data_array__type_support.c\n'}
[8.999931] (franka_pybridge_interfaces) StdoutLine: {'line': b'-- Installing: /home/jaydv/code/robopen_research/ros2_ws/install/franka_pybridge_interfaces/include/franka_pybridge_interfaces/franka_pybridge_interfaces/msg/detail/joint_data_array__rosidl_typesupport_introspection_c.h\n'}
[9.000085] (franka_pybridge_interfaces) StdoutLine: {'line': b'-- Installing: /home/jaydv/code/robopen_research/ros2_ws/install/franka_pybridge_interfaces/include/franka_pybridge_interfaces/franka_pybridge_interfaces/msg/rosidl_typesupport_introspection_c__visibility_control.h\n'}
[9.000254] (franka_pybridge_interfaces) StdoutLine: {'line': b'-- Installing: /home/jaydv/code/robopen_research/ros2_ws/install/franka_pybridge_interfaces/lib/libfranka_pybridge_interfaces__rosidl_typesupport_introspection_c.so\n'}
[9.000921] (franka_pybridge_interfaces) StdoutLine: {'line': b'-- Set non-toolchain portion of runtime path of "/home/jaydv/code/robopen_research/ros2_ws/install/franka_pybridge_interfaces/lib/libfranka_pybridge_interfaces__rosidl_typesupport_introspection_c.so" to ""\n'}
[9.001061] (franka_pybridge_interfaces) StdoutLine: {'line': b'-- Installing: /home/jaydv/code/robopen_research/ros2_ws/install/franka_pybridge_interfaces/lib/libfranka_pybridge_interfaces__rosidl_typesupport_c.so\n'}
[9.001487] (franka_pybridge_interfaces) StdoutLine: {'line': b'-- Set non-toolchain portion of runtime path of "/home/jaydv/code/robopen_research/ros2_ws/install/franka_pybridge_interfaces/lib/libfranka_pybridge_interfaces__rosidl_typesupport_c.so" to ""\n'}
[9.001688] (franka_pybridge_interfaces) StdoutLine: {'line': b'-- Up-to-date: /home/jaydv/code/robopen_research/ros2_ws/install/franka_pybridge_interfaces/include/franka_pybridge_interfaces/franka_pybridge_interfaces\n'}
[9.001806] (franka_pybridge_interfaces) StdoutLine: {'line': b'-- Up-to-date: /home/jaydv/code/robopen_research/ros2_ws/install/franka_pybridge_interfaces/include/franka_pybridge_interfaces/franka_pybridge_interfaces/srv\n'}
[9.001920] (franka_pybridge_interfaces) StdoutLine: {'line': b'-- Up-to-date: /home/jaydv/code/robopen_research/ros2_ws/install/franka_pybridge_interfaces/include/franka_pybridge_interfaces/franka_pybridge_interfaces/srv/detail\n'}
[9.002100] (franka_pybridge_interfaces) StdoutLine: {'line': b'-- Installing: /home/jaydv/code/robopen_research/ros2_ws/install/franka_pybridge_interfaces/include/franka_pybridge_interfaces/franka_pybridge_interfaces/srv/detail/operate_suction__builder.hpp\n'}
[9.002222] (franka_pybridge_interfaces) StdoutLine: {'line': b'-- Installing: /home/jaydv/code/robopen_research/ros2_ws/install/franka_pybridge_interfaces/include/franka_pybridge_interfaces/franka_pybridge_interfaces/srv/detail/get_q__traits.hpp\n'}
[9.002353] (franka_pybridge_interfaces) StdoutLine: {'line': b'-- Installing: /home/jaydv/code/robopen_research/ros2_ws/install/franka_pybridge_interfaces/include/franka_pybridge_interfaces/franka_pybridge_interfaces/srv/detail/execute_plan_log__builder.hpp\n'}
[9.002518] (franka_pybridge_interfaces) StdoutLine: {'line': b'-- Installing: /home/jaydv/code/robopen_research/ros2_ws/install/franka_pybridge_interfaces/include/franka_pybridge_interfaces/franka_pybridge_interfaces/srv/detail/execute_plan__traits.hpp\n'}
[9.002631] (franka_pybridge_interfaces) StdoutLine: {'line': b'-- Installing: /home/jaydv/code/robopen_research/ros2_ws/install/franka_pybridge_interfaces/include/franka_pybridge_interfaces/franka_pybridge_interfaces/srv/detail/get_q__builder.hpp\n'}
[9.002783] (franka_pybridge_interfaces) StdoutLine: {'line': b'-- Installing: /home/jaydv/code/robopen_research/ros2_ws/install/franka_pybridge_interfaces/include/franka_pybridge_interfaces/franka_pybridge_interfaces/srv/detail/operate_suction__traits.hpp\n'}
[9.002914] (franka_pybridge_interfaces) StdoutLine: {'line': b'-- Installing: /home/jaydv/code/robopen_research/ros2_ws/install/franka_pybridge_interfaces/include/franka_pybridge_interfaces/franka_pybridge_interfaces/srv/detail/execute_plan_log__traits.hpp\n'}
[9.003055] (franka_pybridge_interfaces) StdoutLine: {'line': b'-- Installing: /home/jaydv/code/robopen_research/ros2_ws/install/franka_pybridge_interfaces/include/franka_pybridge_interfaces/franka_pybridge_interfaces/srv/detail/execute_plan_log__struct.hpp\n'}
[9.003275] (franka_pybridge_interfaces) StdoutLine: {'line': b'-- Installing: /home/jaydv/code/robopen_research/ros2_ws/install/franka_pybridge_interfaces/include/franka_pybridge_interfaces/franka_pybridge_interfaces/srv/detail/set_load__traits.hpp\n'}
[9.003453] (franka_pybridge_interfaces) StdoutLine: {'line': b'-- Installing: /home/jaydv/code/robopen_research/ros2_ws/install/franka_pybridge_interfaces/include/franka_pybridge_interfaces/franka_pybridge_interfaces/srv/detail/execute_plan__type_support.hpp\n'}
[9.003620] (franka_pybridge_interfaces) StdoutLine: {'line': b'-- Installing: /home/jaydv/code/robopen_research/ros2_ws/install/franka_pybridge_interfaces/include/franka_pybridge_interfaces/franka_pybridge_interfaces/srv/detail/get_q__type_support.hpp\n'}
[9.003790] (franka_pybridge_interfaces) StdoutLine: {'line': b'-- Installing: /home/jaydv/code/robopen_research/ros2_ws/install/franka_pybridge_interfaces/include/franka_pybridge_interfaces/franka_pybridge_interfaces/srv/detail/operate_suction__struct.hpp\n'}
[9.003972] (franka_pybridge_interfaces) StdoutLine: {'line': b'-- Installing: /home/jaydv/code/robopen_research/ros2_ws/install/franka_pybridge_interfaces/include/franka_pybridge_interfaces/franka_pybridge_interfaces/srv/detail/get_q__struct.hpp\n'}
[9.004158] (franka_pybridge_interfaces) StdoutLine: {'line': b'-- Installing: /home/jaydv/code/robopen_research/ros2_ws/install/franka_pybridge_interfaces/include/franka_pybridge_interfaces/franka_pybridge_interfaces/srv/detail/execute_plan_log__type_support.hpp\n'}
[9.004371] (franka_pybridge_interfaces) StdoutLine: {'line': b'-- Installing: /home/jaydv/code/robopen_research/ros2_ws/install/franka_pybridge_interfaces/include/franka_pybridge_interfaces/franka_pybridge_interfaces/srv/detail/execute_plan__struct.hpp\n'}
[9.004546] (franka_pybridge_interfaces) StdoutLine: {'line': b'-- Installing: /home/jaydv/code/robopen_research/ros2_ws/install/franka_pybridge_interfaces/include/franka_pybridge_interfaces/franka_pybridge_interfaces/srv/detail/set_load__builder.hpp\n'}
[9.004717] (franka_pybridge_interfaces) StdoutLine: {'line': b'-- Installing: /home/jaydv/code/robopen_research/ros2_ws/install/franka_pybridge_interfaces/include/franka_pybridge_interfaces/franka_pybridge_interfaces/srv/detail/set_load__type_support.hpp\n'}
[9.004890] (franka_pybridge_interfaces) StdoutLine: {'line': b'-- Installing: /home/jaydv/code/robopen_research/ros2_ws/install/franka_pybridge_interfaces/include/franka_pybridge_interfaces/franka_pybridge_interfaces/srv/detail/execute_plan__builder.hpp\n'}
[9.005062] (franka_pybridge_interfaces) StdoutLine: {'line': b'-- Installing: /home/jaydv/code/robopen_research/ros2_ws/install/franka_pybridge_interfaces/include/franka_pybridge_interfaces/franka_pybridge_interfaces/srv/detail/operate_suction__type_support.hpp\n'}
[9.005243] (franka_pybridge_interfaces) StdoutLine: {'line': b'-- Installing: /home/jaydv/code/robopen_research/ros2_ws/install/franka_pybridge_interfaces/include/franka_pybridge_interfaces/franka_pybridge_interfaces/srv/detail/set_load__struct.hpp\n'}
[9.005429] (franka_pybridge_interfaces) StdoutLine: {'line': b'-- Installing: /home/jaydv/code/robopen_research/ros2_ws/install/franka_pybridge_interfaces/include/franka_pybridge_interfaces/franka_pybridge_interfaces/srv/get_q.hpp\n'}
[9.005594] (franka_pybridge_interfaces) StdoutLine: {'line': b'-- Installing: /home/jaydv/code/robopen_research/ros2_ws/install/franka_pybridge_interfaces/include/franka_pybridge_interfaces/franka_pybridge_interfaces/srv/execute_plan.hpp\n'}
[9.005754] (franka_pybridge_interfaces) StdoutLine: {'line': b'-- Installing: /home/jaydv/code/robopen_research/ros2_ws/install/franka_pybridge_interfaces/include/franka_pybridge_interfaces/franka_pybridge_interfaces/srv/set_load.hpp\n'}
[9.005919] (franka_pybridge_interfaces) StdoutLine: {'line': b'-- Installing: /home/jaydv/code/robopen_research/ros2_ws/install/franka_pybridge_interfaces/include/franka_pybridge_interfaces/franka_pybridge_interfaces/srv/operate_suction.hpp\n'}
[9.006123] (franka_pybridge_interfaces) StdoutLine: {'line': b'-- Installing: /home/jaydv/code/robopen_research/ros2_ws/install/franka_pybridge_interfaces/include/franka_pybridge_interfaces/franka_pybridge_interfaces/srv/execute_plan_log.hpp\n'}
[9.006315] (franka_pybridge_interfaces) StdoutLine: {'line': b'-- Up-to-date: /home/jaydv/code/robopen_research/ros2_ws/install/franka_pybridge_interfaces/include/franka_pybridge_interfaces/franka_pybridge_interfaces/msg\n'}
[9.006438] (franka_pybridge_interfaces) StdoutLine: {'line': b'-- Installing: /home/jaydv/code/robopen_research/ros2_ws/install/franka_pybridge_interfaces/include/franka_pybridge_interfaces/franka_pybridge_interfaces/msg/rosidl_generator_cpp__visibility_control.hpp\n'}
[9.006574] (franka_pybridge_interfaces) StdoutLine: {'line': b'-- Up-to-date: /home/jaydv/code/robopen_research/ros2_ws/install/franka_pybridge_interfaces/include/franka_pybridge_interfaces/franka_pybridge_interfaces/msg/detail\n'}
[9.006739] (franka_pybridge_interfaces) StdoutLine: {'line': b'-- Installing: /home/jaydv/code/robopen_research/ros2_ws/install/franka_pybridge_interfaces/include/franka_pybridge_interfaces/franka_pybridge_interfaces/msg/detail/joint_data_array__builder.hpp\n'}
[9.006856] (franka_pybridge_interfaces) StdoutLine: {'line': b'-- Installing: /home/jaydv/code/robopen_research/ros2_ws/install/franka_pybridge_interfaces/include/franka_pybridge_interfaces/franka_pybridge_interfaces/msg/detail/joint_data_array__struct.hpp\n'}
[9.007002] (franka_pybridge_interfaces) StdoutLine: {'line': b'-- Installing: /home/jaydv/code/robopen_research/ros2_ws/install/franka_pybridge_interfaces/include/franka_pybridge_interfaces/franka_pybridge_interfaces/msg/detail/joint_data_array__traits.hpp\n'}
[9.007148] (franka_pybridge_interfaces) StdoutLine: {'line': b'-- Installing: /home/jaydv/code/robopen_research/ros2_ws/install/franka_pybridge_interfaces/include/franka_pybridge_interfaces/franka_pybridge_interfaces/msg/detail/joint_data_array__type_support.hpp\n'}
[9.007309] (franka_pybridge_interfaces) StdoutLine: {'line': b'-- Installing: /home/jaydv/code/robopen_research/ros2_ws/install/franka_pybridge_interfaces/include/franka_pybridge_interfaces/franka_pybridge_interfaces/msg/joint_data_array.hpp\n'}
[9.007478] (franka_pybridge_interfaces) StdoutLine: {'line': b'-- Up-to-date: /home/jaydv/code/robopen_research/ros2_ws/install/franka_pybridge_interfaces/include/franka_pybridge_interfaces/franka_pybridge_interfaces\n'}
[9.007599] (franka_pybridge_interfaces) StdoutLine: {'line': b'-- Up-to-date: /home/jaydv/code/robopen_research/ros2_ws/install/franka_pybridge_interfaces/include/franka_pybridge_interfaces/franka_pybridge_interfaces/srv\n'}
[9.007765] (franka_pybridge_interfaces) StdoutLine: {'line': b'-- Up-to-date: /home/jaydv/code/robopen_research/ros2_ws/install/franka_pybridge_interfaces/include/franka_pybridge_interfaces/franka_pybridge_interfaces/srv/detail\n'}
[9.007879] (franka_pybridge_interfaces) StdoutLine: {'line': b'-- Installing: /home/jaydv/code/robopen_research/ros2_ws/install/franka_pybridge_interfaces/include/franka_pybridge_interfaces/franka_pybridge_interfaces/srv/detail/get_q__rosidl_typesupport_fastrtps_cpp.hpp\n'}
[9.008024] (franka_pybridge_interfaces) StdoutLine: {'line': b'-- Installing: /home/jaydv/code/robopen_research/ros2_ws/install/franka_pybridge_interfaces/include/franka_pybridge_interfaces/franka_pybridge_interfaces/srv/detail/operate_suction__rosidl_typesupport_fastrtps_cpp.hpp\n'}
[9.008171] (franka_pybridge_interfaces) StdoutLine: {'line': b'-- Installing: /home/jaydv/code/robopen_research/ros2_ws/install/franka_pybridge_interfaces/include/franka_pybridge_interfaces/franka_pybridge_interfaces/srv/detail/dds_fastrtps\n'}
[9.008308] (franka_pybridge_interfaces) StdoutLine: {'line': b'-- Installing: /home/jaydv/code/robopen_research/ros2_ws/install/franka_pybridge_interfaces/include/franka_pybridge_interfaces/franka_pybridge_interfaces/srv/detail/set_load__rosidl_typesupport_fastrtps_cpp.hpp\n'}
[9.008477] (franka_pybridge_interfaces) StdoutLine: {'line': b'-- Installing: /home/jaydv/code/robopen_research/ros2_ws/install/franka_pybridge_interfaces/include/franka_pybridge_interfaces/franka_pybridge_interfaces/srv/detail/execute_plan__rosidl_typesupport_fastrtps_cpp.hpp\n'}
[9.008590] (franka_pybridge_interfaces) StdoutLine: {'line': b'-- Installing: /home/jaydv/code/robopen_research/ros2_ws/install/franka_pybridge_interfaces/include/franka_pybridge_interfaces/franka_pybridge_interfaces/srv/detail/execute_plan_log__rosidl_typesupport_fastrtps_cpp.hpp\n'}
[9.008758] (franka_pybridge_interfaces) StdoutLine: {'line': b'-- Up-to-date: /home/jaydv/code/robopen_research/ros2_ws/install/franka_pybridge_interfaces/include/franka_pybridge_interfaces/franka_pybridge_interfaces/msg\n'}
[9.008875] (franka_pybridge_interfaces) StdoutLine: {'line': b'-- Up-to-date: /home/jaydv/code/robopen_research/ros2_ws/install/franka_pybridge_interfaces/include/franka_pybridge_interfaces/franka_pybridge_interfaces/msg/detail\n'}
[9.008990] (franka_pybridge_interfaces) StdoutLine: {'line': b'-- Installing: /home/jaydv/code/robopen_research/ros2_ws/install/franka_pybridge_interfaces/include/franka_pybridge_interfaces/franka_pybridge_interfaces/msg/detail/dds_fastrtps\n'}
[9.009151] (franka_pybridge_interfaces) StdoutLine: {'line': b'-- Installing: /home/jaydv/code/robopen_research/ros2_ws/install/franka_pybridge_interfaces/include/franka_pybridge_interfaces/franka_pybridge_interfaces/msg/detail/joint_data_array__rosidl_typesupport_fastrtps_cpp.hpp\n'}
[9.009329] (franka_pybridge_interfaces) StdoutLine: {'line': b'-- Installing: /home/jaydv/code/robopen_research/ros2_ws/install/franka_pybridge_interfaces/include/franka_pybridge_interfaces/franka_pybridge_interfaces/msg/rosidl_typesupport_fastrtps_cpp__visibility_control.h\n'}
[9.009444] (franka_pybridge_interfaces) StdoutLine: {'line': b'-- Installing: /home/jaydv/code/robopen_research/ros2_ws/install/franka_pybridge_interfaces/lib/libfranka_pybridge_interfaces__rosidl_typesupport_fastrtps_cpp.so\n'}
[9.009996] (franka_pybridge_interfaces) StdoutLine: {'line': b'-- Set non-toolchain portion of runtime path of "/home/jaydv/code/robopen_research/ros2_ws/install/franka_pybridge_interfaces/lib/libfranka_pybridge_interfaces__rosidl_typesupport_fastrtps_cpp.so" to ""\n'}
[9.010168] (franka_pybridge_interfaces) StdoutLine: {'line': b'-- Up-to-date: /home/jaydv/code/robopen_research/ros2_ws/install/franka_pybridge_interfaces/include/franka_pybridge_interfaces/franka_pybridge_interfaces\n'}
[9.010311] (franka_pybridge_interfaces) StdoutLine: {'line': b'-- Up-to-date: /home/jaydv/code/robopen_research/ros2_ws/install/franka_pybridge_interfaces/include/franka_pybridge_interfaces/franka_pybridge_interfaces/srv\n'}
[9.010432] (franka_pybridge_interfaces) StdoutLine: {'line': b'-- Up-to-date: /home/jaydv/code/robopen_research/ros2_ws/install/franka_pybridge_interfaces/include/franka_pybridge_interfaces/franka_pybridge_interfaces/srv/detail\n'}
[9.010599] (franka_pybridge_interfaces) StdoutLine: {'line': b'-- Installing: /home/jaydv/code/robopen_research/ros2_ws/install/franka_pybridge_interfaces/include/franka_pybridge_interfaces/franka_pybridge_interfaces/srv/detail/execute_plan_log__rosidl_typesupport_introspection_cpp.hpp\n'}
[9.010726] (franka_pybridge_interfaces) StdoutLine: {'line': b'-- Installing: /home/jaydv/code/robopen_research/ros2_ws/install/franka_pybridge_interfaces/include/franka_pybridge_interfaces/franka_pybridge_interfaces/srv/detail/set_load__rosidl_typesupport_introspection_cpp.hpp\n'}
[9.010841] (franka_pybridge_interfaces) StdoutLine: {'line': b'-- Installing: /home/jaydv/code/robopen_research/ros2_ws/install/franka_pybridge_interfaces/include/franka_pybridge_interfaces/franka_pybridge_interfaces/srv/detail/operate_suction__type_support.cpp\n'}
[9.011004] (franka_pybridge_interfaces) StdoutLine: {'line': b'-- Installing: /home/jaydv/code/robopen_research/ros2_ws/install/franka_pybridge_interfaces/include/franka_pybridge_interfaces/franka_pybridge_interfaces/srv/detail/execute_plan__rosidl_typesupport_introspection_cpp.hpp\n'}
[9.011117] (franka_pybridge_interfaces) StdoutLine: {'line': b'-- Installing: /home/jaydv/code/robopen_research/ros2_ws/install/franka_pybridge_interfaces/include/franka_pybridge_interfaces/franka_pybridge_interfaces/srv/detail/execute_plan_log__type_support.cpp\n'}
[9.011313] (franka_pybridge_interfaces) StdoutLine: {'line': b'-- Installing: /home/jaydv/code/robopen_research/ros2_ws/install/franka_pybridge_interfaces/include/franka_pybridge_interfaces/franka_pybridge_interfaces/srv/detail/get_q__type_support.cpp\n'}
[9.011501] (franka_pybridge_interfaces) StdoutLine: {'line': b'-- Installing: /home/jaydv/code/robopen_research/ros2_ws/install/franka_pybridge_interfaces/include/franka_pybridge_interfaces/franka_pybridge_interfaces/srv/detail/set_load__type_support.cpp\n'}
[9.011695] (franka_pybridge_interfaces) StdoutLine: {'line': b'-- Installing: /home/jaydv/code/robopen_research/ros2_ws/install/franka_pybridge_interfaces/include/franka_pybridge_interfaces/franka_pybridge_interfaces/srv/detail/get_q__rosidl_typesupport_introspection_cpp.hpp\n'}
[9.011871] (franka_pybridge_interfaces) StdoutLine: {'line': b'-- Installing: /home/jaydv/code/robopen_research/ros2_ws/install/franka_pybridge_interfaces/include/franka_pybridge_interfaces/franka_pybridge_interfaces/srv/detail/operate_suction__rosidl_typesupport_introspection_cpp.hpp\n'}
[9.012047] (franka_pybridge_interfaces) StdoutLine: {'line': b'-- Installing: /home/jaydv/code/robopen_research/ros2_ws/install/franka_pybridge_interfaces/include/franka_pybridge_interfaces/franka_pybridge_interfaces/srv/detail/execute_plan__type_support.cpp\n'}
[9.012240] (franka_pybridge_interfaces) StdoutLine: {'line': b'-- Up-to-date: /home/jaydv/code/robopen_research/ros2_ws/install/franka_pybridge_interfaces/include/franka_pybridge_interfaces/franka_pybridge_interfaces/msg\n'}
[9.012399] (franka_pybridge_interfaces) StdoutLine: {'line': b'-- Up-to-date: /home/jaydv/code/robopen_research/ros2_ws/install/franka_pybridge_interfaces/include/franka_pybridge_interfaces/franka_pybridge_interfaces/msg/detail\n'}
[9.012562] (franka_pybridge_interfaces) StdoutLine: {'line': b'-- Installing: /home/jaydv/code/robopen_research/ros2_ws/install/franka_pybridge_interfaces/include/franka_pybridge_interfaces/franka_pybridge_interfaces/msg/detail/joint_data_array__rosidl_typesupport_introspection_cpp.hpp\n'}
[9.012674] (franka_pybridge_interfaces) StdoutLine: {'line': b'-- Installing: /home/jaydv/code/robopen_research/ros2_ws/install/franka_pybridge_interfaces/include/franka_pybridge_interfaces/franka_pybridge_interfaces/msg/detail/joint_data_array__type_support.cpp\n'}
[9.012805] (franka_pybridge_interfaces) StdoutLine: {'line': b'-- Installing: /home/jaydv/code/robopen_research/ros2_ws/install/franka_pybridge_interfaces/lib/libfranka_pybridge_interfaces__rosidl_typesupport_introspection_cpp.so\n'}
[9.013642] (franka_pybridge_interfaces) StdoutLine: {'line': b'-- Set non-toolchain portion of runtime path of "/home/jaydv/code/robopen_research/ros2_ws/install/franka_pybridge_interfaces/lib/libfranka_pybridge_interfaces__rosidl_typesupport_introspection_cpp.so" to ""\n'}
[9.013803] (franka_pybridge_interfaces) StdoutLine: {'line': b'-- Installing: /home/jaydv/code/robopen_research/ros2_ws/install/franka_pybridge_interfaces/lib/libfranka_pybridge_interfaces__rosidl_typesupport_cpp.so\n'}
[9.014227] (franka_pybridge_interfaces) StdoutLine: {'line': b'-- Set non-toolchain portion of runtime path of "/home/jaydv/code/robopen_research/ros2_ws/install/franka_pybridge_interfaces/lib/libfranka_pybridge_interfaces__rosidl_typesupport_cpp.so" to ""\n'}
[9.014397] (franka_pybridge_interfaces) StdoutLine: {'line': b'-- Installing: /home/jaydv/code/robopen_research/ros2_ws/install/franka_pybridge_interfaces/share/franka_pybridge_interfaces/environment/pythonpath.sh\n'}
[9.014531] (franka_pybridge_interfaces) StdoutLine: {'line': b'-- Installing: /home/jaydv/code/robopen_research/ros2_ws/install/franka_pybridge_interfaces/share/franka_pybridge_interfaces/environment/pythonpath.dsv\n'}
[9.014673] (franka_pybridge_interfaces) StdoutLine: {'line': b'-- Installing: /home/jaydv/code/robopen_research/ros2_ws/install/franka_pybridge_interfaces/lib/python3.10/site-packages/franka_pybridge_interfaces-0.0.0-py3.10.egg-info\n'}
[9.014831] (franka_pybridge_interfaces) StdoutLine: {'line': b'-- Installing: /home/jaydv/code/robopen_research/ros2_ws/install/franka_pybridge_interfaces/lib/python3.10/site-packages/franka_pybridge_interfaces-0.0.0-py3.10.egg-info/top_level.txt\n'}
[9.014990] (franka_pybridge_interfaces) StdoutLine: {'line': b'-- Installing: /home/jaydv/code/robopen_research/ros2_ws/install/franka_pybridge_interfaces/lib/python3.10/site-packages/franka_pybridge_interfaces-0.0.0-py3.10.egg-info/SOURCES.txt\n'}
[9.015161] (franka_pybridge_interfaces) StdoutLine: {'line': b'-- Installing: /home/jaydv/code/robopen_research/ros2_ws/install/franka_pybridge_interfaces/lib/python3.10/site-packages/franka_pybridge_interfaces-0.0.0-py3.10.egg-info/dependency_links.txt\n'}
[9.015346] (franka_pybridge_interfaces) StdoutLine: {'line': b'-- Installing: /home/jaydv/code/robopen_research/ros2_ws/install/franka_pybridge_interfaces/lib/python3.10/site-packages/franka_pybridge_interfaces-0.0.0-py3.10.egg-info/PKG-INFO\n'}
[9.015511] (franka_pybridge_interfaces) StdoutLine: {'line': b'-- Installing: /home/jaydv/code/robopen_research/ros2_ws/install/franka_pybridge_interfaces/lib/python3.10/site-packages/franka_pybridge_interfaces\n'}
[9.015694] (franka_pybridge_interfaces) StdoutLine: {'line': b'-- Installing: /home/jaydv/code/robopen_research/ros2_ws/install/franka_pybridge_interfaces/lib/python3.10/site-packages/franka_pybridge_interfaces/srv\n'}
[9.015857] (franka_pybridge_interfaces) StdoutLine: {'line': b'-- Installing: /home/jaydv/code/robopen_research/ros2_ws/install/franka_pybridge_interfaces/lib/python3.10/site-packages/franka_pybridge_interfaces/srv/_get_q_s.c\n'}
[9.016024] (franka_pybridge_interfaces) StdoutLine: {'line': b'-- Installing: /home/jaydv/code/robopen_research/ros2_ws/install/franka_pybridge_interfaces/lib/python3.10/site-packages/franka_pybridge_interfaces/srv/_execute_plan.py\n'}
[9.016190] (franka_pybridge_interfaces) StdoutLine: {'line': b'-- Installing: /home/jaydv/code/robopen_research/ros2_ws/install/franka_pybridge_interfaces/lib/python3.10/site-packages/franka_pybridge_interfaces/srv/_get_q.py\n'}
[9.016395] (franka_pybridge_interfaces) StdoutLine: {'line': b'-- Installing: /home/jaydv/code/robopen_research/ros2_ws/install/franka_pybridge_interfaces/lib/python3.10/site-packages/franka_pybridge_interfaces/srv/_operate_suction_s.c\n'}
[9.016560] (franka_pybridge_interfaces) StdoutLine: {'line': b'-- Installing: /home/jaydv/code/robopen_research/ros2_ws/install/franka_pybridge_interfaces/lib/python3.10/site-packages/franka_pybridge_interfaces/srv/_execute_plan_log_s.c\n'}
[9.016738] (franka_pybridge_interfaces) StdoutLine: {'line': b'-- Installing: /home/jaydv/code/robopen_research/ros2_ws/install/franka_pybridge_interfaces/lib/python3.10/site-packages/franka_pybridge_interfaces/srv/__init__.py\n'}
[9.016900] (franka_pybridge_interfaces) StdoutLine: {'line': b'-- Installing: /home/jaydv/code/robopen_research/ros2_ws/install/franka_pybridge_interfaces/lib/python3.10/site-packages/franka_pybridge_interfaces/srv/_set_load.py\n'}
[9.017074] (franka_pybridge_interfaces) StdoutLine: {'line': b'-- Installing: /home/jaydv/code/robopen_research/ros2_ws/install/franka_pybridge_interfaces/lib/python3.10/site-packages/franka_pybridge_interfaces/srv/_operate_suction.py\n'}
[9.017259] (franka_pybridge_interfaces) StdoutLine: {'line': b'-- Installing: /home/jaydv/code/robopen_research/ros2_ws/install/franka_pybridge_interfaces/lib/python3.10/site-packages/franka_pybridge_interfaces/srv/_set_load_s.c\n'}
[9.017441] (franka_pybridge_interfaces) StdoutLine: {'line': b'-- Installing: /home/jaydv/code/robopen_research/ros2_ws/install/franka_pybridge_interfaces/lib/python3.10/site-packages/franka_pybridge_interfaces/srv/_execute_plan_s.c\n'}
[9.017600] (franka_pybridge_interfaces) StdoutLine: {'line': b'-- Installing: /home/jaydv/code/robopen_research/ros2_ws/install/franka_pybridge_interfaces/lib/python3.10/site-packages/franka_pybridge_interfaces/srv/_execute_plan_log.py\n'}
[9.017849] (franka_pybridge_interfaces) StdoutLine: {'line': b'-- Installing: /home/jaydv/code/robopen_research/ros2_ws/install/franka_pybridge_interfaces/lib/python3.10/site-packages/franka_pybridge_interfaces/_franka_pybridge_interfaces_s.ep.rosidl_typesupport_fastrtps_c.c\n'}
[9.018100] (franka_pybridge_interfaces) StdoutLine: {'line': b'-- Installing: /home/jaydv/code/robopen_research/ros2_ws/install/franka_pybridge_interfaces/lib/python3.10/site-packages/franka_pybridge_interfaces/franka_pybridge_interfaces_s__rosidl_typesupport_fastrtps_c.cpython-310-x86_64-linux-gnu.so\n'}
[9.018328] (franka_pybridge_interfaces) StdoutLine: {'line': b'-- Installing: /home/jaydv/code/robopen_research/ros2_ws/install/franka_pybridge_interfaces/lib/python3.10/site-packages/franka_pybridge_interfaces/msg\n'}
[9.018486] (franka_pybridge_interfaces) StdoutLine: {'line': b'-- Installing: /home/jaydv/code/robopen_research/ros2_ws/install/franka_pybridge_interfaces/lib/python3.10/site-packages/franka_pybridge_interfaces/msg/_joint_data_array.py\n'}
[9.018631] (franka_pybridge_interfaces) StdoutLine: {'line': b'-- Installing: /home/jaydv/code/robopen_research/ros2_ws/install/franka_pybridge_interfaces/lib/python3.10/site-packages/franka_pybridge_interfaces/msg/__init__.py\n'}
[9.018794] (franka_pybridge_interfaces) StdoutLine: {'line': b'-- Installing: /home/jaydv/code/robopen_research/ros2_ws/install/franka_pybridge_interfaces/lib/python3.10/site-packages/franka_pybridge_interfaces/msg/_joint_data_array_s.c\n'}
[9.018949] (franka_pybridge_interfaces) StdoutLine: {'line': b'-- Installing: /home/jaydv/code/robopen_research/ros2_ws/install/franka_pybridge_interfaces/lib/python3.10/site-packages/franka_pybridge_interfaces/_franka_pybridge_interfaces_s.ep.rosidl_typesupport_introspection_c.c\n'}
[9.019205] (franka_pybridge_interfaces) StdoutLine: {'line': b'-- Installing: /home/jaydv/code/robopen_research/ros2_ws/install/franka_pybridge_interfaces/lib/python3.10/site-packages/franka_pybridge_interfaces/__init__.py\n'}
[9.019380] (franka_pybridge_interfaces) StdoutLine: {'line': b'-- Installing: /home/jaydv/code/robopen_research/ros2_ws/install/franka_pybridge_interfaces/lib/python3.10/site-packages/franka_pybridge_interfaces/_franka_pybridge_interfaces_s.ep.rosidl_typesupport_c.c\n'}
[9.019604] (franka_pybridge_interfaces) StdoutLine: {'line': b'-- Installing: /home/jaydv/code/robopen_research/ros2_ws/install/franka_pybridge_interfaces/lib/python3.10/site-packages/franka_pybridge_interfaces/franka_pybridge_interfaces_s__rosidl_typesupport_c.cpython-310-x86_64-linux-gnu.so\n'}
[9.019828] (franka_pybridge_interfaces) StdoutLine: {'line': b'-- Installing: /home/jaydv/code/robopen_research/ros2_ws/install/franka_pybridge_interfaces/lib/python3.10/site-packages/franka_pybridge_interfaces/franka_pybridge_interfaces_s__rosidl_typesupport_introspection_c.cpython-310-x86_64-linux-gnu.so\n'}
[9.020060] (franka_pybridge_interfaces) StdoutLine: {'line': b'-- Installing: /home/jaydv/code/robopen_research/ros2_ws/install/franka_pybridge_interfaces/lib/python3.10/site-packages/franka_pybridge_interfaces/libfranka_pybridge_interfaces__rosidl_generator_py.so\n'}
[9.029236] (-) TimerEvent: {}
[9.073918] (franka_pybridge_interfaces) StdoutLine: {'line': b"Listing '/home/jaydv/code/robopen_research/ros2_ws/install/franka_pybridge_interfaces/lib/python3.10/site-packages/franka_pybridge_interfaces'...\n"}
[9.074139] (franka_pybridge_interfaces) StdoutLine: {'line': b"Compiling '/home/jaydv/code/robopen_research/ros2_ws/install/franka_pybridge_interfaces/lib/python3.10/site-packages/franka_pybridge_interfaces/__init__.py'...\n"}
[9.074312] (franka_pybridge_interfaces) StdoutLine: {'line': b"Listing '/home/jaydv/code/robopen_research/ros2_ws/install/franka_pybridge_interfaces/lib/python3.10/site-packages/franka_pybridge_interfaces/msg'...\n"}
[9.074445] (franka_pybridge_interfaces) StdoutLine: {'line': b"Compiling '/home/jaydv/code/robopen_research/ros2_ws/install/franka_pybridge_interfaces/lib/python3.10/site-packages/franka_pybridge_interfaces/msg/__init__.py'...\n"}
[9.074560] (franka_pybridge_interfaces) StdoutLine: {'line': b"Compiling '/home/jaydv/code/robopen_research/ros2_ws/install/franka_pybridge_interfaces/lib/python3.10/site-packages/franka_pybridge_interfaces/msg/_joint_data_array.py'...\n"}
[9.074667] (franka_pybridge_interfaces) StdoutLine: {'line': b"Listing '/home/jaydv/code/robopen_research/ros2_ws/install/franka_pybridge_interfaces/lib/python3.10/site-packages/franka_pybridge_interfaces/srv'...\n"}
[9.074772] (franka_pybridge_interfaces) StdoutLine: {'line': b"Compiling '/home/jaydv/code/robopen_research/ros2_ws/install/franka_pybridge_interfaces/lib/python3.10/site-packages/franka_pybridge_interfaces/srv/__init__.py'...\n"}
[9.074877] (franka_pybridge_interfaces) StdoutLine: {'line': b"Compiling '/home/jaydv/code/robopen_research/ros2_ws/install/franka_pybridge_interfaces/lib/python3.10/site-packages/franka_pybridge_interfaces/srv/_execute_plan.py'...\n"}
[9.074982] (franka_pybridge_interfaces) StdoutLine: {'line': b"Compiling '/home/jaydv/code/robopen_research/ros2_ws/install/franka_pybridge_interfaces/lib/python3.10/site-packages/franka_pybridge_interfaces/srv/_execute_plan_log.py'...\n"}
[9.075099] (franka_pybridge_interfaces) StdoutLine: {'line': b"Compiling '/home/jaydv/code/robopen_research/ros2_ws/install/franka_pybridge_interfaces/lib/python3.10/site-packages/franka_pybridge_interfaces/srv/_get_q.py'...\n"}
[9.075215] (franka_pybridge_interfaces) StdoutLine: {'line': b"Compiling '/home/jaydv/code/robopen_research/ros2_ws/install/franka_pybridge_interfaces/lib/python3.10/site-packages/franka_pybridge_interfaces/srv/_operate_suction.py'...\n"}
[9.075337] (franka_pybridge_interfaces) StdoutLine: {'line': b"Compiling '/home/jaydv/code/robopen_research/ros2_ws/install/franka_pybridge_interfaces/lib/python3.10/site-packages/franka_pybridge_interfaces/srv/_set_load.py'...\n"}
[9.080302] (franka_pybridge_interfaces) StdoutLine: {'line': b'-- Installing: /home/jaydv/code/robopen_research/ros2_ws/install/franka_pybridge_interfaces/lib/python3.10/site-packages/franka_pybridge_interfaces/franka_pybridge_interfaces_s__rosidl_typesupport_fastrtps_c.cpython-310-x86_64-linux-gnu.so\n'}
[9.080735] (franka_pybridge_interfaces) StdoutLine: {'line': b'-- Set non-toolchain portion of runtime path of "/home/jaydv/code/robopen_research/ros2_ws/install/franka_pybridge_interfaces/lib/python3.10/site-packages/franka_pybridge_interfaces/franka_pybridge_interfaces_s__rosidl_typesupport_fastrtps_c.cpython-310-x86_64-linux-gnu.so" to ""\n'}
[9.081009] (franka_pybridge_interfaces) StdoutLine: {'line': b'-- Installing: /home/jaydv/code/robopen_research/ros2_ws/install/franka_pybridge_interfaces/lib/python3.10/site-packages/franka_pybridge_interfaces/franka_pybridge_interfaces_s__rosidl_typesupport_introspection_c.cpython-310-x86_64-linux-gnu.so\n'}
[9.081473] (franka_pybridge_interfaces) StdoutLine: {'line': b'-- Set non-toolchain portion of runtime path of "/home/jaydv/code/robopen_research/ros2_ws/install/franka_pybridge_interfaces/lib/python3.10/site-packages/franka_pybridge_interfaces/franka_pybridge_interfaces_s__rosidl_typesupport_introspection_c.cpython-310-x86_64-linux-gnu.so" to ""\n'}
[9.081721] (franka_pybridge_interfaces) StdoutLine: {'line': b'-- Installing: /home/jaydv/code/robopen_research/ros2_ws/install/franka_pybridge_interfaces/lib/python3.10/site-packages/franka_pybridge_interfaces/franka_pybridge_interfaces_s__rosidl_typesupport_c.cpython-310-x86_64-linux-gnu.so\n'}
[9.082162] (franka_pybridge_interfaces) StdoutLine: {'line': b'-- Set non-toolchain portion of runtime path of "/home/jaydv/code/robopen_research/ros2_ws/install/franka_pybridge_interfaces/lib/python3.10/site-packages/franka_pybridge_interfaces/franka_pybridge_interfaces_s__rosidl_typesupport_c.cpython-310-x86_64-linux-gnu.so" to ""\n'}
[9.082334] (franka_pybridge_interfaces) StdoutLine: {'line': b'-- Installing: /home/jaydv/code/robopen_research/ros2_ws/install/franka_pybridge_interfaces/lib/libfranka_pybridge_interfaces__rosidl_generator_py.so\n'}
[9.082917] (franka_pybridge_interfaces) StdoutLine: {'line': b'-- Set non-toolchain portion of runtime path of "/home/jaydv/code/robopen_research/ros2_ws/install/franka_pybridge_interfaces/lib/libfranka_pybridge_interfaces__rosidl_generator_py.so" to ""\n'}
[9.083067] (franka_pybridge_interfaces) StdoutLine: {'line': b'-- Installing: /home/jaydv/code/robopen_research/ros2_ws/install/franka_pybridge_interfaces/share/franka_pybridge_interfaces/msg/JointDataArray.idl\n'}
[9.083336] (franka_pybridge_interfaces) StdoutLine: {'line': b'-- Installing: /home/jaydv/code/robopen_research/ros2_ws/install/franka_pybridge_interfaces/share/franka_pybridge_interfaces/srv/GetQ.idl\n'}
[9.083522] (franka_pybridge_interfaces) StdoutLine: {'line': b'-- Installing: /home/jaydv/code/robopen_research/ros2_ws/install/franka_pybridge_interfaces/share/franka_pybridge_interfaces/srv/ExecutePlan.idl\n'}
[9.083707] (franka_pybridge_interfaces) StdoutLine: {'line': b'-- Installing: /home/jaydv/code/robopen_research/ros2_ws/install/franka_pybridge_interfaces/share/franka_pybridge_interfaces/srv/ExecutePlanLog.idl\n'}
[9.083898] (franka_pybridge_interfaces) StdoutLine: {'line': b'-- Installing: /home/jaydv/code/robopen_research/ros2_ws/install/franka_pybridge_interfaces/share/franka_pybridge_interfaces/srv/OperateSuction.idl\n'}
[9.084095] (franka_pybridge_interfaces) StdoutLine: {'line': b'-- Installing: /home/jaydv/code/robopen_research/ros2_ws/install/franka_pybridge_interfaces/share/franka_pybridge_interfaces/srv/SetLoad.idl\n'}
[9.084305] (franka_pybridge_interfaces) StdoutLine: {'line': b'-- Installing: /home/jaydv/code/robopen_research/ros2_ws/install/franka_pybridge_interfaces/share/franka_pybridge_interfaces/msg/JointDataArray.msg\n'}
[9.084499] (franka_pybridge_interfaces) StdoutLine: {'line': b'-- Installing: /home/jaydv/code/robopen_research/ros2_ws/install/franka_pybridge_interfaces/share/franka_pybridge_interfaces/srv/GetQ.srv\n'}
[9.084685] (franka_pybridge_interfaces) StdoutLine: {'line': b'-- Installing: /home/jaydv/code/robopen_research/ros2_ws/install/franka_pybridge_interfaces/share/franka_pybridge_interfaces/srv/GetQ_Request.msg\n'}
[9.084872] (franka_pybridge_interfaces) StdoutLine: {'line': b'-- Installing: /home/jaydv/code/robopen_research/ros2_ws/install/franka_pybridge_interfaces/share/franka_pybridge_interfaces/srv/GetQ_Response.msg\n'}
[9.085069] (franka_pybridge_interfaces) StdoutLine: {'line': b'-- Installing: /home/jaydv/code/robopen_research/ros2_ws/install/franka_pybridge_interfaces/share/franka_pybridge_interfaces/srv/ExecutePlan.srv\n'}
[9.085265] (franka_pybridge_interfaces) StdoutLine: {'line': b'-- Installing: /home/jaydv/code/robopen_research/ros2_ws/install/franka_pybridge_interfaces/share/franka_pybridge_interfaces/srv/ExecutePlan_Request.msg\n'}
[9.085472] (franka_pybridge_interfaces) StdoutLine: {'line': b'-- Installing: /home/jaydv/code/robopen_research/ros2_ws/install/franka_pybridge_interfaces/share/franka_pybridge_interfaces/srv/ExecutePlan_Response.msg\n'}
[9.085669] (franka_pybridge_interfaces) StdoutLine: {'line': b'-- Installing: /home/jaydv/code/robopen_research/ros2_ws/install/franka_pybridge_interfaces/share/franka_pybridge_interfaces/srv/ExecutePlanLog.srv\n'}
[9.085867] (franka_pybridge_interfaces) StdoutLine: {'line': b'-- Installing: /home/jaydv/code/robopen_research/ros2_ws/install/franka_pybridge_interfaces/share/franka_pybridge_interfaces/srv/ExecutePlanLog_Request.msg\n'}
[9.086062] (franka_pybridge_interfaces) StdoutLine: {'line': b'-- Installing: /home/jaydv/code/robopen_research/ros2_ws/install/franka_pybridge_interfaces/share/franka_pybridge_interfaces/srv/ExecutePlanLog_Response.msg\n'}
[9.086269] (franka_pybridge_interfaces) StdoutLine: {'line': b'-- Installing: /home/jaydv/code/robopen_research/ros2_ws/install/franka_pybridge_interfaces/share/franka_pybridge_interfaces/srv/OperateSuction.srv\n'}
[9.086470] (franka_pybridge_interfaces) StdoutLine: {'line': b'-- Installing: /home/jaydv/code/robopen_research/ros2_ws/install/franka_pybridge_interfaces/share/franka_pybridge_interfaces/srv/OperateSuction_Request.msg\n'}
[9.086668] (franka_pybridge_interfaces) StdoutLine: {'line': b'-- Installing: /home/jaydv/code/robopen_research/ros2_ws/install/franka_pybridge_interfaces/share/franka_pybridge_interfaces/srv/OperateSuction_Response.msg\n'}
[9.086868] (franka_pybridge_interfaces) StdoutLine: {'line': b'-- Installing: /home/jaydv/code/robopen_research/ros2_ws/install/franka_pybridge_interfaces/share/franka_pybridge_interfaces/srv/SetLoad.srv\n'}
[9.087065] (franka_pybridge_interfaces) StdoutLine: {'line': b'-- Installing: /home/jaydv/code/robopen_research/ros2_ws/install/franka_pybridge_interfaces/share/franka_pybridge_interfaces/srv/SetLoad_Request.msg\n'}
[9.087282] (franka_pybridge_interfaces) StdoutLine: {'line': b'-- Installing: /home/jaydv/code/robopen_research/ros2_ws/install/franka_pybridge_interfaces/share/franka_pybridge_interfaces/srv/SetLoad_Response.msg\n'}
[9.087567] (franka_pybridge_interfaces) StdoutLine: {'line': b'-- Installing: /home/jaydv/code/robopen_research/ros2_ws/install/franka_pybridge_interfaces/share/ament_index/resource_index/package_run_dependencies/franka_pybridge_interfaces\n'}
[9.087834] (franka_pybridge_interfaces) StdoutLine: {'line': b'-- Installing: /home/jaydv/code/robopen_research/ros2_ws/install/franka_pybridge_interfaces/share/ament_index/resource_index/parent_prefix_path/franka_pybridge_interfaces\n'}
[9.088044] (franka_pybridge_interfaces) StdoutLine: {'line': b'-- Installing: /home/jaydv/code/robopen_research/ros2_ws/install/franka_pybridge_interfaces/share/franka_pybridge_interfaces/environment/ament_prefix_path.sh\n'}
[9.088258] (franka_pybridge_interfaces) StdoutLine: {'line': b'-- Installing: /home/jaydv/code/robopen_research/ros2_ws/install/franka_pybridge_interfaces/share/franka_pybridge_interfaces/environment/ament_prefix_path.dsv\n'}
[9.088461] (franka_pybridge_interfaces) StdoutLine: {'line': b'-- Installing: /home/jaydv/code/robopen_research/ros2_ws/install/franka_pybridge_interfaces/share/franka_pybridge_interfaces/environment/path.sh\n'}
[9.088651] (franka_pybridge_interfaces) StdoutLine: {'line': b'-- Installing: /home/jaydv/code/robopen_research/ros2_ws/install/franka_pybridge_interfaces/share/franka_pybridge_interfaces/environment/path.dsv\n'}
[9.088847] (franka_pybridge_interfaces) StdoutLine: {'line': b'-- Installing: /home/jaydv/code/robopen_research/ros2_ws/install/franka_pybridge_interfaces/share/franka_pybridge_interfaces/local_setup.bash\n'}
[9.089040] (franka_pybridge_interfaces) StdoutLine: {'line': b'-- Installing: /home/jaydv/code/robopen_research/ros2_ws/install/franka_pybridge_interfaces/share/franka_pybridge_interfaces/local_setup.sh\n'}
[9.089255] (franka_pybridge_interfaces) StdoutLine: {'line': b'-- Installing: /home/jaydv/code/robopen_research/ros2_ws/install/franka_pybridge_interfaces/share/franka_pybridge_interfaces/local_setup.zsh\n'}
[9.089456] (franka_pybridge_interfaces) StdoutLine: {'line': b'-- Installing: /home/jaydv/code/robopen_research/ros2_ws/install/franka_pybridge_interfaces/share/franka_pybridge_interfaces/local_setup.dsv\n'}
[9.089652] (franka_pybridge_interfaces) StdoutLine: {'line': b'-- Installing: /home/jaydv/code/robopen_research/ros2_ws/install/franka_pybridge_interfaces/share/franka_pybridge_interfaces/package.dsv\n'}
[9.089919] (franka_pybridge_interfaces) StdoutLine: {'line': b'-- Installing: /home/jaydv/code/robopen_research/ros2_ws/install/franka_pybridge_interfaces/share/ament_index/resource_index/packages/franka_pybridge_interfaces\n'}
[9.090192] (franka_pybridge_interfaces) StdoutLine: {'line': b'-- Installing: /home/jaydv/code/robopen_research/ros2_ws/install/franka_pybridge_interfaces/share/franka_pybridge_interfaces/cmake/export_franka_pybridge_interfaces__rosidl_generator_cExport.cmake\n'}
[9.090423] (franka_pybridge_interfaces) StdoutLine: {'line': b'-- Installing: /home/jaydv/code/robopen_research/ros2_ws/install/franka_pybridge_interfaces/share/franka_pybridge_interfaces/cmake/export_franka_pybridge_interfaces__rosidl_generator_cExport-noconfig.cmake\n'}
[9.090638] (franka_pybridge_interfaces) StdoutLine: {'line': b'-- Installing: /home/jaydv/code/robopen_research/ros2_ws/install/franka_pybridge_interfaces/share/franka_pybridge_interfaces/cmake/export_franka_pybridge_interfaces__rosidl_typesupport_fastrtps_cExport.cmake\n'}
[9.090849] (franka_pybridge_interfaces) StdoutLine: {'line': b'-- Installing: /home/jaydv/code/robopen_research/ros2_ws/install/franka_pybridge_interfaces/share/franka_pybridge_interfaces/cmake/export_franka_pybridge_interfaces__rosidl_typesupport_fastrtps_cExport-noconfig.cmake\n'}
[9.091066] (franka_pybridge_interfaces) StdoutLine: {'line': b'-- Installing: /home/jaydv/code/robopen_research/ros2_ws/install/franka_pybridge_interfaces/share/franka_pybridge_interfaces/cmake/franka_pybridge_interfaces__rosidl_typesupport_introspection_cExport.cmake\n'}
[9.091301] (franka_pybridge_interfaces) StdoutLine: {'line': b'-- Installing: /home/jaydv/code/robopen_research/ros2_ws/install/franka_pybridge_interfaces/share/franka_pybridge_interfaces/cmake/franka_pybridge_interfaces__rosidl_typesupport_introspection_cExport-noconfig.cmake\n'}
[9.091505] (franka_pybridge_interfaces) StdoutLine: {'line': b'-- Installing: /home/jaydv/code/robopen_research/ros2_ws/install/franka_pybridge_interfaces/share/franka_pybridge_interfaces/cmake/franka_pybridge_interfaces__rosidl_typesupport_cExport.cmake\n'}
[9.091705] (franka_pybridge_interfaces) StdoutLine: {'line': b'-- Installing: /home/jaydv/code/robopen_research/ros2_ws/install/franka_pybridge_interfaces/share/franka_pybridge_interfaces/cmake/franka_pybridge_interfaces__rosidl_typesupport_cExport-noconfig.cmake\n'}
[9.091918] (franka_pybridge_interfaces) StdoutLine: {'line': b'-- Installing: /home/jaydv/code/robopen_research/ros2_ws/install/franka_pybridge_interfaces/share/franka_pybridge_interfaces/cmake/export_franka_pybridge_interfaces__rosidl_generator_cppExport.cmake\n'}
[9.092137] (franka_pybridge_interfaces) StdoutLine: {'line': b'-- Installing: /home/jaydv/code/robopen_research/ros2_ws/install/franka_pybridge_interfaces/share/franka_pybridge_interfaces/cmake/export_franka_pybridge_interfaces__rosidl_typesupport_fastrtps_cppExport.cmake\n'}
[9.092356] (franka_pybridge_interfaces) StdoutLine: {'line': b'-- Installing: /home/jaydv/code/robopen_research/ros2_ws/install/franka_pybridge_interfaces/share/franka_pybridge_interfaces/cmake/export_franka_pybridge_interfaces__rosidl_typesupport_fastrtps_cppExport-noconfig.cmake\n'}
[9.092578] (franka_pybridge_interfaces) StdoutLine: {'line': b'-- Installing: /home/jaydv/code/robopen_research/ros2_ws/install/franka_pybridge_interfaces/share/franka_pybridge_interfaces/cmake/franka_pybridge_interfaces__rosidl_typesupport_introspection_cppExport.cmake\n'}
[9.092781] (franka_pybridge_interfaces) StdoutLine: {'line': b'-- Installing: /home/jaydv/code/robopen_research/ros2_ws/install/franka_pybridge_interfaces/share/franka_pybridge_interfaces/cmake/franka_pybridge_interfaces__rosidl_typesupport_introspection_cppExport-noconfig.cmake\n'}
[9.092994] (franka_pybridge_interfaces) StdoutLine: {'line': b'-- Installing: /home/jaydv/code/robopen_research/ros2_ws/install/franka_pybridge_interfaces/share/franka_pybridge_interfaces/cmake/franka_pybridge_interfaces__rosidl_typesupport_cppExport.cmake\n'}
[9.093209] (franka_pybridge_interfaces) StdoutLine: {'line': b'-- Installing: /home/jaydv/code/robopen_research/ros2_ws/install/franka_pybridge_interfaces/share/franka_pybridge_interfaces/cmake/franka_pybridge_interfaces__rosidl_typesupport_cppExport-noconfig.cmake\n'}
[9.093438] (franka_pybridge_interfaces) StdoutLine: {'line': b'-- Installing: /home/jaydv/code/robopen_research/ros2_ws/install/franka_pybridge_interfaces/share/franka_pybridge_interfaces/cmake/export_franka_pybridge_interfaces__rosidl_generator_pyExport.cmake\n'}
[9.093662] (franka_pybridge_interfaces) StdoutLine: {'line': b'-- Installing: /home/jaydv/code/robopen_research/ros2_ws/install/franka_pybridge_interfaces/share/franka_pybridge_interfaces/cmake/export_franka_pybridge_interfaces__rosidl_generator_pyExport-noconfig.cmake\n'}
[9.093859] (franka_pybridge_interfaces) StdoutLine: {'line': b'-- Installing: /home/jaydv/code/robopen_research/ros2_ws/install/franka_pybridge_interfaces/share/franka_pybridge_interfaces/cmake/rosidl_cmake-extras.cmake\n'}
[9.094056] (franka_pybridge_interfaces) StdoutLine: {'line': b'-- Installing: /home/jaydv/code/robopen_research/ros2_ws/install/franka_pybridge_interfaces/share/franka_pybridge_interfaces/cmake/ament_cmake_export_include_directories-extras.cmake\n'}
[9.094268] (franka_pybridge_interfaces) StdoutLine: {'line': b'-- Installing: /home/jaydv/code/robopen_research/ros2_ws/install/franka_pybridge_interfaces/share/franka_pybridge_interfaces/cmake/ament_cmake_export_libraries-extras.cmake\n'}
[9.094479] (franka_pybridge_interfaces) StdoutLine: {'line': b'-- Installing: /home/jaydv/code/robopen_research/ros2_ws/install/franka_pybridge_interfaces/share/franka_pybridge_interfaces/cmake/ament_cmake_export_targets-extras.cmake\n'}
[9.094678] (franka_pybridge_interfaces) StdoutLine: {'line': b'-- Installing: /home/jaydv/code/robopen_research/ros2_ws/install/franka_pybridge_interfaces/share/franka_pybridge_interfaces/cmake/rosidl_cmake_export_typesupport_targets-extras.cmake\n'}
[9.094874] (franka_pybridge_interfaces) StdoutLine: {'line': b'-- Installing: /home/jaydv/code/robopen_research/ros2_ws/install/franka_pybridge_interfaces/share/franka_pybridge_interfaces/cmake/ament_cmake_export_dependencies-extras.cmake\n'}
[9.095081] (franka_pybridge_interfaces) StdoutLine: {'line': b'-- Installing: /home/jaydv/code/robopen_research/ros2_ws/install/franka_pybridge_interfaces/share/franka_pybridge_interfaces/cmake/rosidl_cmake_export_typesupport_libraries-extras.cmake\n'}
[9.095293] (franka_pybridge_interfaces) StdoutLine: {'line': b'-- Installing: /home/jaydv/code/robopen_research/ros2_ws/install/franka_pybridge_interfaces/share/franka_pybridge_interfaces/cmake/franka_pybridge_interfacesConfig.cmake\n'}
[9.095475] (franka_pybridge_interfaces) StdoutLine: {'line': b'-- Installing: /home/jaydv/code/robopen_research/ros2_ws/install/franka_pybridge_interfaces/share/franka_pybridge_interfaces/cmake/franka_pybridge_interfacesConfig-version.cmake\n'}
[9.095674] (franka_pybridge_interfaces) StdoutLine: {'line': b'-- Installing: /home/jaydv/code/robopen_research/ros2_ws/install/franka_pybridge_interfaces/share/franka_pybridge_interfaces/package.xml\n'}
[9.098904] (franka_pybridge_interfaces) CommandEnded: {'returncode': 0}
[9.129365] (-) TimerEvent: {}
[9.156498] (franka_pybridge_interfaces) JobEnded: {'identifier': 'franka_pybridge_interfaces', 'rc': 0}
[9.157474] (-) EventReactorShutdown: {}
